id,link,photo_id,class,filename,saved
93951625,https://photos.zillowstatic.com/p_h/ISy3x7qo2650nz0000000000.jpg,NA,photo-tile-image,photos/ISy3x7qo2650nz0000000000.jpg,TRUE
93951625,https://photos.zillowstatic.com/p_c/ISmame9ry6igez0000000000.jpg,NA,photo-tile-image,photos/ISmame9ry6igez0000000000.jpg,TRUE
93951625,https://photos.zillowstatic.com/p_c/ISe4k2rkuy9jez0000000000.jpg,NA,photo-tile-image,photos/ISe4k2rkuy9jez0000000000.jpg,TRUE
93951625,https://photos.zillowstatic.com/p_c/IS6yhq8eqq1mez0000000000.jpg,NA,photo-tile-image,photos/IS6yhq8eqq1mez0000000000.jpg,TRUE
93951625,https://photos.zillowstatic.com/p_c/ISqxuv7iyxw2nz0000000000.jpg,NA,photo-tile-image,photos/ISqxuv7iyxw2nz0000000000.jpg,TRUE
93951625,https://photos.zillowstatic.com/p_c/ISyrfeq7mitoez0000000000.jpg,NA,photo-tile-image,photos/ISyrfeq7mitoez0000000000.jpg,TRUE
93951625,https://photos.zillowstatic.com/p_c/ISqld281ialrez0000000000.jpg,NA,photo-tile-image,photos/ISqld281ialrez0000000000.jpg,TRUE
93951625,https://photos.zillowstatic.com/p_c/ISifbqpud2duez0000000000.jpg,NA,photo-tile-image,photos/ISifbqpud2duez0000000000.jpg,TRUE
93951625,https://photos.zillowstatic.com/p_c/ISirsjpbupo5nz0000000000.jpg,NA,photo-tile-image,photos/ISirsjpbupo5nz0000000000.jpg,TRUE
93951625,https://photos.zillowstatic.com/p_c/ISalq775qhg8nz0000000000.jpg,NA,photo-tile-image,photos/ISalq775qhg8nz0000000000.jpg,TRUE
93951625,https://photos.zillowstatic.com/p_c/ISa99e7o9u4xez0000000000.jpg,NA,photo-tile-image,photos/ISa99e7o9u4xez0000000000.jpg,TRUE
93951625,https://photos.zillowstatic.com/p_c/IS2fovoyl98bnz0000000000.jpg,NA,photo-tile-image,photos/IS2fovoyl98bnz0000000000.jpg,TRUE
93951625,https://photos.zillowstatic.com/p_c/IS2372ph5mwzez0000000000.jpg,NA,photo-tile-image,photos/IS2372ph5mwzez0000000000.jpg,TRUE
93951625,https://photos.zillowstatic.com/p_c/ISuw4q6b1eo2fz0000000000.jpg,NA,photo-tile-image,photos/ISuw4q6b1eo2fz0000000000.jpg,TRUE
93951625,https://photos.zillowstatic.com/p_c/ISu8mj6sh10enz0000000000.jpg,NA,photo-tile-image,photos/ISu8mj6sh10enz0000000000.jpg,TRUE
93951625,https://photos.zillowstatic.com/p_c/ISmq2eo4x5g5fz0000000000.jpg,NA,photo-tile-image,photos/ISmq2eo4x5g5fz0000000000.jpg,TRUE
93951625,https://photos.zillowstatic.com/p_c/ISm2k7oldtrgnz0000000000.jpg,NA,photo-tile-image,photos/ISm2k7oldtrgnz0000000000.jpg,TRUE
93951625,https://photos.zillowstatic.com/p_c/ISewhv5f9ljjnz0000000000.jpg,NA,photo-tile-image,photos/ISewhv5f9ljjnz0000000000.jpg,TRUE
93951625,https://photos.zillowstatic.com/p_c/ISek026ysx78fz0000000000.jpg,NA,photo-tile-image,photos/ISek026ysx78fz0000000000.jpg,TRUE
93951625,https://photos.zillowstatic.com/p_c/IS6eypnropzafz0000000000.jpg,NA,photo-tile-image,photos/IS6eypnropzafz0000000000.jpg,TRUE
93951625,https://photos.zillowstatic.com/p_c/IS6qfjn85dbmnz0000000000.jpg,NA,photo-tile-image,photos/IS6qfjn85dbmnz0000000000.jpg,TRUE
93951625,https://photos.zillowstatic.com/p_c/ISy7wd5lkhrdfz0000000000.jpg,NA,photo-tile-image,photos/ISy7wd5lkhrdfz0000000000.jpg,TRUE
93951625,https://photos.zillowstatic.com/p_c/ISq1u1neg9jgfz0000000000.jpg,NA,photo-tile-image,photos/ISq1u1neg9jgfz0000000000.jpg,TRUE
93951625,https://photos.zillowstatic.com/p_c/ISivrp48c1bjfz0000000000.jpg,NA,photo-tile-image,photos/ISivrp48c1bjfz0000000000.jpg,TRUE
93951625,https://photos.zillowstatic.com/p_c/ISappdm18t2mfz0000000000.jpg,NA,photo-tile-image,photos/ISappdm18t2mfz0000000000.jpg,TRUE
93951625,https://photos.zillowstatic.com/p_c/IS2jn14v3luofz0000000000.jpg,NA,photo-tile-image,photos/IS2jn14v3luofz0000000000.jpg,TRUE
93951625,https://photos.zillowstatic.com/p_c/ISuclplozcmrfz0000000000.jpg,NA,photo-tile-image,photos/ISuclplozcmrfz0000000000.jpg,TRUE
93951625,https://photos.zillowstatic.com/p_c/ISm6jd3iv4eufz0000000000.jpg,NA,photo-tile-image,photos/ISm6jd3iv4eufz0000000000.jpg,TRUE
93951625,https://photos.zillowstatic.com/p_c/ISyjd752153pnz0000000000.jpg,NA,photo-tile-image,photos/ISyjd752153pnz0000000000.jpg,TRUE
93951625,https://photos.zillowstatic.com/p_c/ISe0h1lbrw5xfz0000000000.jpg,NA,photo-tile-image,photos/ISe0h1lbrw5xfz0000000000.jpg,TRUE
93951625,https://photos.zillowstatic.com/p_h/ISy3x7qo2650nz0000000000.jpg,NA,photo-tile-image,photos/ISy3x7qo2650nz0000000000.jpg,TRUE
93947795,https://photos.zillowstatic.com/p_h/ISifj071ln50dp0000000000.jpg,NA,photo-tile-image,photos/ISifj071ln50dp0000000000.jpg,TRUE
93947795,https://photos.zillowstatic.com/p_c/IS6eeywgq4ct5o0000000000.jpg,NA,photo-tile-image,photos/IS6eeywgq4ct5o0000000000.jpg,TRUE
93947795,https://photos.zillowstatic.com/p_c/IS27a7alx2pj3s0000000000.jpg,NA,photo-tile-image,photos/IS27a7alx2pj3s0000000000.jpg,TRUE
93947795,https://photos.zillowstatic.com/p_c/ISu08vretugm3s0000000000.jpg,NA,photo-tile-image,photos/ISu08vretugm3s0000000000.jpg,TRUE
93947795,https://photos.zillowstatic.com/p_c/ISqp8xv1fzilmo0000000000.jpg,NA,photo-tile-image,photos/ISqp8xv1fzilmo0000000000.jpg,TRUE
93947795,https://photos.zillowstatic.com/p_c/ISmu5j98pm8p3s0000000000.jpg,NA,photo-tile-image,photos/ISmu5j98pm8p3s0000000000.jpg,TRUE
93947795,https://photos.zillowstatic.com/p_c/ISy7cmeamw3w5o0000000000.jpg,NA,photo-tile-image,photos/ISy7cmeamw3w5o0000000000.jpg,TRUE
93947795,https://photos.zillowstatic.com/p_c/ISq1aaw3iovy5o0000000000.jpg,NA,photo-tile-image,photos/ISq1aaw3iovy5o0000000000.jpg,TRUE
93947795,https://photos.zillowstatic.com/p_c/ISucx241g1h10o0000000000.jpg,NA,photo-tile-image,photos/ISucx241g1h10o0000000000.jpg,TRUE
93947795,https://photos.zillowstatic.com/p_c/ISm6vqlubt840o0000000000.jpg,NA,photo-tile-image,photos/ISm6vqlubt840o0000000000.jpg,TRUE
93947795,https://photos.zillowstatic.com/p_c/IS2v4ndm8pjkpn0000000000.jpg,NA,photo-tile-image,photos/IS2v4ndm8pjkpn0000000000.jpg,TRUE
93947795,https://photos.zillowstatic.com/p_c/ISad49vo6j2rmo0000000000.jpg,NA,photo-tile-image,photos/ISad49vo6j2rmo0000000000.jpg,TRUE
93947795,https://photos.zillowstatic.com/p_c/ISu00luby2mwmo0000000000.jpg,NA,photo-tile-image,photos/ISu00luby2mwmo0000000000.jpg,TRUE
93947795,https://photos.zillowstatic.com/p_c/ISiv7ydxdgn16o0000000000.jpg,NA,photo-tile-image,photos/ISiv7ydxdgn16o0000000000.jpg,TRUE
93947795,https://photos.zillowstatic.com/p_c/ISeovwtypm52no0000000000.jpg,NA,photo-tile-image,photos/ISeovwtypm52no0000000000.jpg,TRUE
93947795,https://photos.zillowstatic.com/p_c/ISeo37r1le0s3s0000000000.jpg,NA,photo-tile-image,photos/ISeo37r1le0s3s0000000000.jpg,TRUE
93947795,https://photos.zillowstatic.com/p_c/IS6i1v8vg6su3s0000000000.jpg,NA,photo-tile-image,photos/IS6i1v8vg6su3s0000000000.jpg,TRUE
93947795,https://photos.zillowstatic.com/p_c/ISuo2bvf4hbnpn0000000000.jpg,NA,photo-tile-image,photos/ISuo2bvf4hbnpn0000000000.jpg,TRUE
93947795,https://photos.zillowstatic.com/p_c/ISybziqocyjx3s0000000000.jpg,NA,photo-tile-image,photos/ISybziqocyjx3s0000000000.jpg,TRUE
93947795,https://photos.zillowstatic.com/p_c/ISq5x68i8qb04s0000000000.jpg,NA,photo-tile-image,photos/ISq5x68i8qb04s0000000000.jpg,TRUE
93947795,https://photos.zillowstatic.com/p_c/ISmi0zc9093qpn0000000000.jpg,NA,photo-tile-image,photos/ISmi0zc9093qpn0000000000.jpg,TRUE
93947795,https://photos.zillowstatic.com/p_c/ISizuupb4i334s0000000000.jpg,NA,photo-tile-image,photos/ISizuupb4i334s0000000000.jpg,TRUE
93947795,https://photos.zillowstatic.com/p_c/ISatsi750av54s0000000000.jpg,NA,photo-tile-image,photos/ISatsi750av54s0000000000.jpg,TRUE
93947795,https://photos.zillowstatic.com/p_c/IS2nq6pyv1n84s0000000000.jpg,NA,photo-tile-image,photos/IS2nq6pyv1n84s0000000000.jpg,TRUE
93947795,https://photos.zillowstatic.com/p_h/ISifj071ln50dp0000000000.jpg,NA,photo-tile-image,photos/ISifj071ln50dp0000000000.jpg,TRUE
93950113,https://photos.zillowstatic.com/p_h/ISap9dvvv5kbxp1000000000.jpg,NA,photo-tile-image,photos/ISap9dvvv5kbxp1000000000.jpg,TRUE
93950113,https://photos.zillowstatic.com/p_c/ISm6jtbrwfuhmq1000000000.jpg,NA,photo-tile-image,photos/ISm6jtbrwfuhmq1000000000.jpg,TRUE
93950113,https://photos.zillowstatic.com/p_c/ISe0hhtks7mkmq1000000000.jpg,NA,photo-tile-image,photos/ISe0hhtks7mkmq1000000000.jpg,TRUE
93950113,https://photos.zillowstatic.com/p_c/IS6ue5beozdnmq1000000000.jpg,NA,photo-tile-image,photos/IS6ue5beozdnmq1000000000.jpg,TRUE
93950113,https://photos.zillowstatic.com/p_c/ISyncts7kr5qmq1000000000.jpg,NA,photo-tile-image,photos/ISyncts7kr5qmq1000000000.jpg,TRUE
93950113,https://photos.zillowstatic.com/p_c/ISqhaha1gjxsmq1000000000.jpg,NA,photo-tile-image,photos/ISqhaha1gjxsmq1000000000.jpg,TRUE
93950113,https://photos.zillowstatic.com/p_c/ISib85subbpvmq1000000000.jpg,NA,photo-tile-image,photos/ISib85subbpvmq1000000000.jpg,TRUE
93950113,https://photos.zillowstatic.com/p_c/ISa56t9o73hymq1000000000.jpg,NA,photo-tile-image,photos/ISa56t9o73hymq1000000000.jpg,TRUE
93950113,https://photos.zillowstatic.com/p_c/IS2z3hrh3v81nq1000000000.jpg,NA,photo-tile-image,photos/IS2z3hrh3v81nq1000000000.jpg,TRUE
93950113,https://photos.zillowstatic.com/p_c/ISus159bzm04nq1000000000.jpg,NA,photo-tile-image,photos/ISus159bzm04nq1000000000.jpg,TRUE
93950113,https://photos.zillowstatic.com/p_c/ISmmzsq4ves6nq1000000000.jpg,NA,photo-tile-image,photos/ISmmzsq4ves6nq1000000000.jpg,TRUE
93950113,https://photos.zillowstatic.com/p_c/ISegxg8yq6k9nq1000000000.jpg,NA,photo-tile-image,photos/ISegxg8yq6k9nq1000000000.jpg,TRUE
93950113,https://photos.zillowstatic.com/p_c/IS6av4qrmybcnq1000000000.jpg,NA,photo-tile-image,photos/IS6av4qrmybcnq1000000000.jpg,TRUE
93950113,https://photos.zillowstatic.com/p_c/ISy3ts7liq3fnq1000000000.jpg,NA,photo-tile-image,photos/ISy3ts7liq3fnq1000000000.jpg,TRUE
93950113,https://photos.zillowstatic.com/p_c/ISqxqgpeeivhnq1000000000.jpg,NA,photo-tile-image,photos/ISqxqgpeeivhnq1000000000.jpg,TRUE
93950113,https://photos.zillowstatic.com/p_c/ISiro478aanknq1000000000.jpg,NA,photo-tile-image,photos/ISiro478aanknq1000000000.jpg,TRUE
93950113,https://photos.zillowstatic.com/p_c/ISalmso162fnnq1000000000.jpg,NA,photo-tile-image,photos/ISalmso162fnnq1000000000.jpg,TRUE
93950113,https://photos.zillowstatic.com/p_c/IS2fkg6v1u6qnq1000000000.jpg,NA,photo-tile-image,photos/IS2fkg6v1u6qnq1000000000.jpg,TRUE
93950113,https://photos.zillowstatic.com/p_c/ISyb3qagaltvqq1000000000.jpg,NA,photo-tile-image,photos/ISyb3qagaltvqq1000000000.jpg,TRUE
93950113,https://photos.zillowstatic.com/p_c/ISu8i4ooxlysnq1000000000.jpg,NA,photo-tile-image,photos/ISu8i4ooxlysnq1000000000.jpg,TRUE
93950113,https://photos.zillowstatic.com/p_c/ISm2gs5itdqvnq1000000000.jpg,NA,photo-tile-image,photos/ISm2gs5itdqvnq1000000000.jpg,TRUE
93950113,https://photos.zillowstatic.com/p_c/ISq51es96dlyqq1000000000.jpg,NA,photo-tile-image,photos/ISq51es96dlyqq1000000000.jpg,TRUE
93950113,https://photos.zillowstatic.com/p_c/ISizy1a325d1rq1000000000.jpg,NA,photo-tile-image,photos/ISizy1a325d1rq1000000000.jpg,TRUE
93950113,https://photos.zillowstatic.com/p_h/ISap9dvvv5kbxp1000000000.jpg,NA,photo-tile-image,photos/ISap9dvvv5kbxp1000000000.jpg,TRUE
93951554,https://photos.zillowstatic.com/p_h/ISa1ba3huakqew1000000000.jpg,NA,photo-tile-image,photos/ISa1ba3huakqew1000000000.jpg,TRUE
93951554,https://photos.zillowstatic.com/p_c/IS2nu5r2dh445w1000000000.jpg,NA,photo-tile-image,photos/IS2nu5r2dh445w1000000000.jpg,TRUE
93951554,https://photos.zillowstatic.com/p_c/ISugst8w89w65w1000000000.jpg,NA,photo-tile-image,photos/ISugst8w89w65w1000000000.jpg,TRUE
93951554,https://photos.zillowstatic.com/p_c/ISmaqhqp41o95w1000000000.jpg,NA,photo-tile-image,photos/ISmaqhqp41o95w1000000000.jpg,TRUE
93951554,https://photos.zillowstatic.com/p_c/ISe4o58j0tfc5w1000000000.jpg,NA,photo-tile-image,photos/ISe4o58j0tfc5w1000000000.jpg,TRUE
93951554,https://photos.zillowstatic.com/p_c/IS6yltpcwk7f5w1000000000.jpg,NA,photo-tile-image,photos/IS6yltpcwk7f5w1000000000.jpg,TRUE
93951554,https://photos.zillowstatic.com/p_c/ISyrjh76sczh5w1000000000.jpg,NA,photo-tile-image,photos/ISyrjh76sczh5w1000000000.jpg,TRUE
93951554,https://photos.zillowstatic.com/p_c/ISqlh5pzn4rk5w1000000000.jpg,NA,photo-tile-image,photos/ISqlh5pzn4rk5w1000000000.jpg,TRUE
93951554,https://photos.zillowstatic.com/p_c/ISifft6tjwin5w1000000000.jpg,NA,photo-tile-image,photos/ISifft6tjwin5w1000000000.jpg,TRUE
93951554,https://photos.zillowstatic.com/p_c/ISa9dhomfoaq5w1000000000.jpg,NA,photo-tile-image,photos/ISa9dhomfoaq5w1000000000.jpg,TRUE
93951554,https://photos.zillowstatic.com/p_c/IS23b56gbg2t5w1000000000.jpg,NA,photo-tile-image,photos/IS23b56gbg2t5w1000000000.jpg,TRUE
93951554,https://photos.zillowstatic.com/p_c/ISuw8tn978uv5w1000000000.jpg,NA,photo-tile-image,photos/ISuw8tn978uv5w1000000000.jpg,TRUE
93951554,https://photos.zillowstatic.com/p_c/ISmq6h5330my5w1000000000.jpg,NA,photo-tile-image,photos/ISmq6h5330my5w1000000000.jpg,TRUE
93951554,https://photos.zillowstatic.com/p_c/ISek45nwyrd16w1000000000.jpg,NA,photo-tile-image,photos/ISek45nwyrd16w1000000000.jpg,TRUE
93951554,https://photos.zillowstatic.com/p_c/IS6e2t4quj546w1000000000.jpg,NA,photo-tile-image,photos/IS6e2t4quj546w1000000000.jpg,TRUE
93951554,https://photos.zillowstatic.com/p_c/ISy70hmjqbx66w1000000000.jpg,NA,photo-tile-image,photos/ISy70hmjqbx66w1000000000.jpg,TRUE
93951554,https://photos.zillowstatic.com/p_c/ISq1y44dm3p96w1000000000.jpg,NA,photo-tile-image,photos/ISq1y44dm3p96w1000000000.jpg,TRUE
93951554,https://photos.zillowstatic.com/p_c/ISaptg30en8f6w1000000000.jpg,NA,photo-tile-image,photos/ISaptg30en8f6w1000000000.jpg,TRUE
93951554,https://photos.zillowstatic.com/p_c/IS2jr4lt9f0i6w1000000000.jpg,NA,photo-tile-image,photos/IS2jr4lt9f0i6w1000000000.jpg,TRUE
93951554,https://photos.zillowstatic.com/p_c/ISucps2n57sk6w1000000000.jpg,NA,photo-tile-image,photos/ISucps2n57sk6w1000000000.jpg,TRUE
93951554,https://photos.zillowstatic.com/p_c/ISm6ngkg1zjn6w1000000000.jpg,NA,photo-tile-image,photos/ISm6ngkg1zjn6w1000000000.jpg,TRUE
93951554,https://photos.zillowstatic.com/p_h/ISa1ba3huakqew1000000000.jpg,NA,photo-tile-image,photos/ISa1ba3huakqew1000000000.jpg,TRUE
93946979,https://photos.zillowstatic.com/p_h/IS27az7ews50hu0000000000.jpg,NA,photo-tile-image,photos/IS27az7ews50hu0000000000.jpg,TRUE
93946979,https://photos.zillowstatic.com/p_c/IS6m4g24vls10w0000000000.jpg,NA,photo-tile-image,photos/IS6m4g24vls10w0000000000.jpg,TRUE
93946979,https://photos.zillowstatic.com/p_c/ISus9bvesxobwu0000000000.jpg,NA,photo-tile-image,photos/ISus9bvesxobwu0000000000.jpg,TRUE
93946979,https://photos.zillowstatic.com/p_c/ISyf24kxqdk40w0000000000.jpg,NA,photo-tile-image,photos/ISyf24kxqdk40w0000000000.jpg,TRUE
93946979,https://photos.zillowstatic.com/p_c/ISmm7zc8opgewu0000000000.jpg,NA,photo-tile-image,photos/ISmm7zc8opgewu0000000000.jpg,TRUE
93946979,https://photos.zillowstatic.com/p_c/ISmy49c4ibrntv0000000000.jpg,NA,photo-tile-image,photos/ISmy49c4ibrntv0000000000.jpg,TRUE
93946979,https://photos.zillowstatic.com/p_c/ISeg5nu1kh8hwu0000000000.jpg,NA,photo-tile-image,photos/ISeg5nu1kh8hwu0000000000.jpg,TRUE
93946979,https://photos.zillowstatic.com/p_c/IS6a3bcvf90kwu0000000000.jpg,NA,photo-tile-image,photos/IS6a3bcvf90kwu0000000000.jpg,TRUE
93946979,https://photos.zillowstatic.com/p_c/ISes2xtxd3jqtv0000000000.jpg,NA,photo-tile-image,photos/ISes2xtxd3jqtv0000000000.jpg,TRUE
93946979,https://photos.zillowstatic.com/p_c/ISy31ztob1smwu0000000000.jpg,NA,photo-tile-image,photos/ISy31ztob1smwu0000000000.jpg,TRUE
93946979,https://photos.zillowstatic.com/p_c/IS6m0lbr9vattv0000000000.jpg,NA,photo-tile-image,photos/IS6m0lbr9vattv0000000000.jpg,TRUE
93946979,https://photos.zillowstatic.com/p_c/ISqxymbi7tjpwu0000000000.jpg,NA,photo-tile-image,photos/ISqxymbi7tjpwu0000000000.jpg,TRUE
93946979,https://photos.zillowstatic.com/p_c/ISq90s1rm5c70w0000000000.jpg,NA,photo-tile-image,photos/ISq90s1rm5c70w0000000000.jpg,TRUE
93946979,https://photos.zillowstatic.com/p_c/ISirwatb3lbswu0000000000.jpg,NA,photo-tile-image,photos/ISirwatb3lbswu0000000000.jpg,TRUE
93946979,https://photos.zillowstatic.com/p_c/ISyfy8tk5n2wtv0000000000.jpg,NA,photo-tile-image,photos/ISyfy8tk5n2wtv0000000000.jpg,TRUE
93946979,https://photos.zillowstatic.com/p_c/ISaluya5zc3vwu0000000000.jpg,NA,photo-tile-image,photos/ISaluya5zc3vwu0000000000.jpg,TRUE
93946979,https://photos.zillowstatic.com/p_c/ISi3yfjkix3a0w0000000000.jpg,NA,photo-tile-image,photos/ISi3yfjkix3a0w0000000000.jpg,TRUE
93946979,https://photos.zillowstatic.com/p_c/IS2fsmsyu4vxwu0000000000.jpg,NA,photo-tile-image,photos/IS2fsmsyu4vxwu0000000000.jpg,TRUE
93946979,https://photos.zillowstatic.com/p_c/ISaxv31eepvc0w0000000000.jpg,NA,photo-tile-image,photos/ISaxv31eepvc0w0000000000.jpg,TRUE
93946979,https://photos.zillowstatic.com/p_c/ISu8qaasqwm0xu0000000000.jpg,NA,photo-tile-image,photos/ISu8qaasqwm0xu0000000000.jpg,TRUE
93946979,https://photos.zillowstatic.com/p_c/ISm2oyrlmoe3xu0000000000.jpg,NA,photo-tile-image,photos/ISm2oyrlmoe3xu0000000000.jpg,TRUE
93946979,https://photos.zillowstatic.com/p_c/ISewlm9fig66xu0000000000.jpg,NA,photo-tile-image,photos/ISewlm9fig66xu0000000000.jpg,TRUE
93946979,https://photos.zillowstatic.com/p_c/IS2rtri7ahnf0w0000000000.jpg,NA,photo-tile-image,photos/IS2rtri7ahnf0w0000000000.jpg,TRUE
93946979,https://photos.zillowstatic.com/p_c/IS6qjar8e8y8xu0000000000.jpg,NA,photo-tile-image,photos/IS6qjar8e8y8xu0000000000.jpg,TRUE
93946979,https://photos.zillowstatic.com/p_c/ISukrf0169fi0w0000000000.jpg,NA,photo-tile-image,photos/ISukrf0169fi0w0000000000.jpg,TRUE
93946979,https://photos.zillowstatic.com/p_c/ISyjhy82a0qbxu0000000000.jpg,NA,photo-tile-image,photos/ISyjhy82a0qbxu0000000000.jpg,TRUE
93946979,https://photos.zillowstatic.com/p_c/ISq9wwae1fuytv0000000000.jpg,NA,photo-tile-image,photos/ISq9wwae1fuytv0000000000.jpg,TRUE
93946979,https://photos.zillowstatic.com/p_c/ISqdfmqv5shexu0000000000.jpg,NA,photo-tile-image,photos/ISqdfmqv5shexu0000000000.jpg,TRUE
93946979,https://photos.zillowstatic.com/p_c/ISmep3iu117l0w0000000000.jpg,NA,photo-tile-image,photos/ISmep3iu117l0w0000000000.jpg,TRUE
93946979,https://photos.zillowstatic.com/p_c/ISi7da8p1k9hxu0000000000.jpg,NA,photo-tile-image,photos/ISi7da8p1k9hxu0000000000.jpg,TRUE
93946979,https://photos.zillowstatic.com/p_h/IS27az7ews50hu0000000000.jpg,NA,photo-tile-image,photos/IS27az7ews50hu0000000000.jpg,TRUE
98948532,https://photos.zillowstatic.com/p_h/ISecao34kwyuvk1000000000.jpg,NA,photo-tile-image,photos/ISecao34kwyuvk1000000000.jpg,TRUE
98948532,https://photos.zillowstatic.com/p_c/ISybrk6o1s28j90000000000.jpg,NA,photo-tile-image,photos/ISybrk6o1s28j90000000000.jpg,TRUE
98948532,https://photos.zillowstatic.com/p_c/ISq5p8ohxjuaj90000000000.jpg,NA,photo-tile-image,photos/ISq5p8ohxjuaj90000000000.jpg,TRUE
98948532,https://photos.zillowstatic.com/p_c/ISizmw5btbmdj90000000000.jpg,NA,photo-tile-image,photos/ISizmw5btbmdj90000000000.jpg,TRUE
98948532,https://photos.zillowstatic.com/p_c/ISatkkn4p3egj90000000000.jpg,NA,photo-tile-image,photos/ISatkkn4p3egj90000000000.jpg,TRUE
98948532,https://photos.zillowstatic.com/p_c/IS2ni85ykv5jj90000000000.jpg,NA,photo-tile-image,photos/IS2ni85ykv5jj90000000000.jpg,TRUE
98948532,https://photos.zillowstatic.com/p_c/ISuggwmrgnxlj90000000000.jpg,NA,photo-tile-image,photos/ISuggwmrgnxlj90000000000.jpg,TRUE
98948532,https://photos.zillowstatic.com/p_c/ISmaek4lcfpoj90000000000.jpg,NA,photo-tile-image,photos/ISmaek4lcfpoj90000000000.jpg,TRUE
98948532,https://photos.zillowstatic.com/p_c/ISe4c8me87hrj90000000000.jpg,NA,photo-tile-image,photos/ISe4c8me87hrj90000000000.jpg,TRUE
98948532,https://photos.zillowstatic.com/p_c/IS6y9w384z8uj90000000000.jpg,NA,photo-tile-image,photos/IS6y9w384z8uj90000000000.jpg,TRUE
98948532,https://photos.zillowstatic.com/p_c/ISyr7kl10r0xj90000000000.jpg,NA,photo-tile-image,photos/ISyr7kl10r0xj90000000000.jpg,TRUE
98948532,https://photos.zillowstatic.com/p_c/ISql583vviszj90000000000.jpg,NA,photo-tile-image,photos/ISql583vviszj90000000000.jpg,TRUE
98948532,https://photos.zillowstatic.com/p_c/ISif3wkorak2k90000000000.jpg,NA,photo-tile-image,photos/ISif3wkorak2k90000000000.jpg,TRUE
98948532,https://photos.zillowstatic.com/p_c/ISa91k2in2c5k90000000000.jpg,NA,photo-tile-image,photos/ISa91k2in2c5k90000000000.jpg,TRUE
98948532,https://photos.zillowstatic.com/p_c/IS23z7kbju38k90000000000.jpg,NA,photo-tile-image,photos/IS23z7kbju38k90000000000.jpg,TRUE
98948532,https://photos.zillowstatic.com/p_c/ISuwwv15fmvak90000000000.jpg,NA,photo-tile-image,photos/ISuwwv15fmvak90000000000.jpg,TRUE
98948532,https://photos.zillowstatic.com/p_c/ISmqujjyaendk90000000000.jpg,NA,photo-tile-image,photos/ISmqujjyaendk90000000000.jpg,TRUE
98948532,https://photos.zillowstatic.com/p_c/ISegpel0tast2m0000000000.jpg,NA,photo-tile-image,photos/ISegpel0tast2m0000000000.jpg,TRUE
98948532,https://photos.zillowstatic.com/p_c/IS6an23uo2kw2m0000000000.jpg,NA,photo-tile-image,photos/IS6an23uo2kw2m0000000000.jpg,TRUE
98948532,https://photos.zillowstatic.com/p_c/ISy3lqknkubz2m0000000000.jpg,NA,photo-tile-image,photos/ISy3lqknkubz2m0000000000.jpg,TRUE
98948532,https://photos.zillowstatic.com/p_c/ISqxie2hgm323m0000000000.jpg,NA,photo-tile-image,photos/ISqxie2hgm323m0000000000.jpg,TRUE
98948532,https://photos.zillowstatic.com/p_c/ISirg2kacev43m0000000000.jpg,NA,photo-tile-image,photos/ISirg2kacev43m0000000000.jpg,TRUE
98948532,https://photos.zillowstatic.com/p_c/ISaleq1486n73m0000000000.jpg,NA,photo-tile-image,photos/ISaleq1486n73m0000000000.jpg,TRUE
98948532,https://photos.zillowstatic.com/p_c/IS2fcejx3yea3m0000000000.jpg,NA,photo-tile-image,photos/IS2fcejx3yea3m0000000000.jpg,TRUE
98948532,https://photos.zillowstatic.com/p_c/ISu8a21rzp6d3m0000000000.jpg,NA,photo-tile-image,photos/ISu8a21rzp6d3m0000000000.jpg,TRUE
98948532,https://photos.zillowstatic.com/p_c/ISm28qikvhyf3m0000000000.jpg,NA,photo-tile-image,photos/ISm28qikvhyf3m0000000000.jpg,TRUE
98948532,https://photos.zillowstatic.com/p_c/ISew5e0er9qi3m0000000000.jpg,NA,photo-tile-image,photos/ISew5e0er9qi3m0000000000.jpg,TRUE
98948532,https://photos.zillowstatic.com/p_c/IS6q32i7n1il3m0000000000.jpg,NA,photo-tile-image,photos/IS6q32i7n1il3m0000000000.jpg,TRUE
98948532,https://photos.zillowstatic.com/p_c/ISyj1qz0jt9o3m0000000000.jpg,NA,photo-tile-image,photos/ISyj1qz0jt9o3m0000000000.jpg,TRUE
98948532,https://photos.zillowstatic.com/p_c/ISqdzdhuel1r3m0000000000.jpg,NA,photo-tile-image,photos/ISqdzdhuel1r3m0000000000.jpg,TRUE
98948532,https://photos.zillowstatic.com/p_h/ISecao34kwyuvk1000000000.jpg,NA,photo-tile-image,photos/ISecao34kwyuvk1000000000.jpg,TRUE
93949225,https://photos.zillowstatic.com/p_h/ISi3qxjay220qc1000000000.jpg,NA,photo-tile-image,photos/ISi3qxjay220qc1000000000.jpg,TRUE
93949225,https://photos.zillowstatic.com/p_c/ISq1ux7o2o165d1000000000.jpg,NA,photo-tile-image,photos/ISq1ux7o2o165d1000000000.jpg,TRUE
93949225,https://photos.zillowstatic.com/p_c/ISegt94fewoyfb1000000000.jpg,NA,photo-tile-image,photos/ISegt94fewoyfb1000000000.jpg,TRUE
93949225,https://photos.zillowstatic.com/p_c/ISe019wcc05t0e1000000000.jpg,NA,photo-tile-image,photos/ISe019wcc05t0e1000000000.jpg,TRUE
93949225,https://photos.zillowstatic.com/p_c/ISivrlphyft85d1000000000.jpg,NA,photo-tile-image,photos/ISivrlphyft85d1000000000.jpg,TRUE
93949225,https://photos.zillowstatic.com/p_c/IS6arxl8aog1gb1000000000.jpg,NA,photo-tile-image,photos/IS6arxl8aog1gb1000000000.jpg,TRUE
93949225,https://photos.zillowstatic.com/p_c/ISapp97bu7lb5d1000000000.jpg,NA,photo-tile-image,photos/ISapp97bu7lb5d1000000000.jpg,TRUE
93949225,https://photos.zillowstatic.com/p_c/ISy3pl326g84gb1000000000.jpg,NA,photo-tile-image,photos/ISy3pl326g84gb1000000000.jpg,TRUE
93949225,https://photos.zillowstatic.com/p_c/IS2jnxo4qzce5d1000000000.jpg,NA,photo-tile-image,photos/IS2jnxo4qzce5d1000000000.jpg,TRUE
93949225,https://photos.zillowstatic.com/p_c/ISqxm9lv1807gb1000000000.jpg,NA,photo-tile-image,photos/ISqxm9lv1807gb1000000000.jpg,TRUE
93949225,https://photos.zillowstatic.com/p_c/ISucll6ylr4h5d1000000000.jpg,NA,photo-tile-image,photos/ISucll6ylr4h5d1000000000.jpg,TRUE
93949225,https://photos.zillowstatic.com/p_c/ISirkx2pxzr9gb1000000000.jpg,NA,photo-tile-image,photos/ISirkx2pxzr9gb1000000000.jpg,TRUE
93949225,https://photos.zillowstatic.com/p_c/ISalilkitrjcgb1000000000.jpg,NA,photo-tile-image,photos/ISalilkitrjcgb1000000000.jpg,TRUE
93949225,https://photos.zillowstatic.com/p_c/ISm6j9orhjwj5d1000000000.jpg,NA,photo-tile-image,photos/ISm6j9orhjwj5d1000000000.jpg,TRUE
93949225,https://photos.zillowstatic.com/p_c/IS2fg92cpjbfgb1000000000.jpg,NA,photo-tile-image,photos/IS2fg92cpjbfgb1000000000.jpg,TRUE
93949225,https://photos.zillowstatic.com/p_c/ISe0hx5ldbom5d1000000000.jpg,NA,photo-tile-image,photos/ISe0hx5ldbom5d1000000000.jpg,TRUE
93949225,https://photos.zillowstatic.com/p_c/ISu8exj5lb3igb1000000000.jpg,NA,photo-tile-image,photos/ISu8exj5lb3igb1000000000.jpg,TRUE
93949225,https://photos.zillowstatic.com/p_c/IS6uelne93gp5d1000000000.jpg,NA,photo-tile-image,photos/IS6uelne93gp5d1000000000.jpg,TRUE
93949225,https://photos.zillowstatic.com/p_c/ISm2cl1zg3vkgb1000000000.jpg,NA,photo-tile-image,photos/ISm2cl1zg3vkgb1000000000.jpg,TRUE
93949225,https://photos.zillowstatic.com/p_c/ISe8jwgxacuqge1000000000.jpg,NA,photo-tile-image,photos/ISe8jwgxacuqge1000000000.jpg,TRUE
93949225,https://photos.zillowstatic.com/p_c/ISew99jscvmngb1000000000.jpg,NA,photo-tile-image,photos/ISew99jscvmngb1000000000.jpg,TRUE
93949225,https://photos.zillowstatic.com/p_c/ISync9585v7s5d1000000000.jpg,NA,photo-tile-image,photos/ISync9585v7s5d1000000000.jpg,TRUE
93949225,https://photos.zillowstatic.com/p_h/ISi3qxjay220qc1000000000.jpg,NA,photo-tile-image,photos/ISi3qxjay220qc1000000000.jpg,TRUE
115839047,https://photos.zillowstatic.com/p_h/ISappdiaguqksl1000000000.jpg,NA,photo-tile-image,photos/ISappdiaguqksl1000000000.jpg,TRUE
115839047,https://photos.zillowstatic.com/p_c/IS2fs64dtsi3lv1000000000.jpg,NA,photo-tile-image,photos/IS2fs64dtsi3lv1000000000.jpg,TRUE
115839047,https://photos.zillowstatic.com/p_c/ISuo6uomh5mxkk0000000000.jpg,NA,photo-tile-image,photos/ISuo6uomh5mxkk0000000000.jpg,TRUE
115839047,https://photos.zillowstatic.com/p_c/ISmu5jh6pl73x71000000000.jpg,NA,photo-tile-image,photos/ISmu5jh6pl73x71000000000.jpg,TRUE
115839047,https://photos.zillowstatic.com/p_c/ISyfe5dy774ne81000000000.jpg,NA,photo-tile-image,photos/ISyfe5dy774ne81000000000.jpg,TRUE
115839047,https://photos.zillowstatic.com/p_c/ISqtbaftiywy291000000000.jpg,NA,photo-tile-image,photos/ISqtbaftiywy291000000000.jpg,TRUE
115839047,https://photos.zillowstatic.com/p_c/ISyzhhoc8xm4991000000000.jpg,NA,photo-tile-image,photos/ISyzhhoc8xm4991000000000.jpg,TRUE
115839047,https://photos.zillowstatic.com/p_c/ISy3t8cbigq7k91000000000.jpg,NA,photo-tile-image,photos/ISy3t8cbigq7k91000000000.jpg,TRUE
115839047,https://photos.zillowstatic.com/p_c/ISu0gd79cyult91000000000.jpg,NA,photo-tile-image,photos/ISu0gd79cyult91000000000.jpg,TRUE
115839047,https://photos.zillowstatic.com/p_c/ISm6zpfw94g88a1000000000.jpg,NA,photo-tile-image,photos/ISm6zpfw94g88a1000000000.jpg,TRUE
115839047,https://photos.zillowstatic.com/p_c/ISe09z5sx3p0ra1000000000.jpg,NA,photo-tile-image,photos/ISe09z5sx3p0ra1000000000.jpg,TRUE
115839047,https://photos.zillowstatic.com/p_c/ISek4lzgrc819b1000000000.jpg,NA,photo-tile-image,photos/ISek4lzgrc819b1000000000.jpg,TRUE
115839047,https://photos.zillowstatic.com/p_c/ISiv3zfghxatlb1000000000.jpg,NA,photo-tile-image,photos/ISiv3zfghxatlb1000000000.jpg,TRUE
115839047,https://photos.zillowstatic.com/p_c/IS6uyov2z1xqyb1000000000.jpg,NA,photo-tile-image,photos/IS6uyov2z1xqyb1000000000.jpg,TRUE
115839047,https://photos.zillowstatic.com/p_c/ISuwskqlyh524c1000000000.jpg,NA,photo-tile-image,photos/ISuwskqlyh524c1000000000.jpg,TRUE
115839047,https://photos.zillowstatic.com/p_c/ISa91w7i4cj9ud1000000000.jpg,NA,photo-tile-image,photos/ISa91w7i4cj9ud1000000000.jpg,TRUE
115839047,https://photos.zillowstatic.com/p_c/ISqd3dnpre943e1000000000.jpg,NA,photo-tile-image,photos/ISqd3dnpre943e1000000000.jpg,TRUE
115839047,https://photos.zillowstatic.com/p_c/ISukvu63t6q1be1000000000.jpg,NA,photo-tile-image,photos/ISukvu63t6q1be1000000000.jpg,TRUE
115839047,https://photos.zillowstatic.com/p_c/ISus5kz4xovmyf1000000000.jpg,NA,photo-tile-image,photos/ISus5kz4xovmyf1000000000.jpg,TRUE
115839047,https://photos.zillowstatic.com/p_c/ISaxbw5p5i3qdg1000000000.jpg,NA,photo-tile-image,photos/ISaxbw5p5i3qdg1000000000.jpg,TRUE
115839047,https://photos.zillowstatic.com/p_c/ISin140vwhv6jg1000000000.jpg,NA,photo-tile-image,photos/ISin140vwhv6jg1000000000.jpg,TRUE
115839047,https://photos.zillowstatic.com/p_c/ISmedm4vzaefqg1000000000.jpg,NA,photo-tile-image,photos/ISmedm4vzaefqg1000000000.jpg,TRUE
115839047,https://photos.zillowstatic.com/p_c/ISybvbies2nt3h1000000000.jpg,NA,photo-tile-image,photos/ISybvbies2nt3h1000000000.jpg,TRUE
115839047,https://photos.zillowstatic.com/p_c/IS6avgffbx4rch1000000000.jpg,NA,photo-tile-image,photos/IS6avgffbx4rch1000000000.jpg,TRUE
115839047,https://photos.zillowstatic.com/p_c/IS6ea3uq67q2uh1000000000.jpg,NA,photo-tile-image,photos/IS6ea3uq67q2uh1000000000.jpg,TRUE
115839047,https://photos.zillowstatic.com/p_c/ISmqmhctl46e6i1000000000.jpg,NA,photo-tile-image,photos/ISmqmhctl46e6i1000000000.jpg,TRUE
115839047,https://photos.zillowstatic.com/p_c/ISeovwhlrf1khi1000000000.jpg,NA,photo-tile-image,photos/ISeovwhlrf1khi1000000000.jpg,TRUE
115839047,https://photos.zillowstatic.com/p_c/ISib4egcr6g6qi1000000000.jpg,NA,photo-tile-image,photos/ISib4egcr6g6qi1000000000.jpg,TRUE
115839047,https://photos.zillowstatic.com/p_c/ISyn8u6wbac5ak1000000000.jpg,NA,photo-tile-image,photos/ISyn8u6wbac5ak1000000000.jpg,TRUE
115839047,https://photos.zillowstatic.com/p_c/ISmqm1s6af1nal1000000000.jpg,NA,photo-tile-image,photos/ISmqm1s6af1nal1000000000.jpg,TRUE
115839047,https://photos.zillowstatic.com/p_c/ISyvijzxfshqxl1000000000.jpg,NA,photo-tile-image,photos/ISyvijzxfshqxl1000000000.jpg,TRUE
115839047,https://photos.zillowstatic.com/p_c/ISuouow3cey5gn1000000000.jpg,NA,photo-tile-image,photos/ISuouow3cey5gn1000000000.jpg,TRUE
115839047,https://photos.zillowstatic.com/p_c/ISq1ys6f4v09qn1000000000.jpg,NA,photo-tile-image,photos/ISq1ys6f4v09qn1000000000.jpg,TRUE
115839047,https://photos.zillowstatic.com/p_h/ISappdiaguqksl1000000000.jpg,NA,photo-tile-image,photos/ISappdiaguqksl1000000000.jpg,TRUE
93960378,https://photos.zillowstatic.com/p_h/ISu08np7skx2hu0000000000.jpg,NA,photo-tile-image,photos/ISu08np7skx2hu0000000000.jpg,TRUE
93960378,https://photos.zillowstatic.com/p_c/IS66gq51q5vvmv0000000000.jpg,NA,photo-tile-image,photos/IS66gq51q5vvmv0000000000.jpg,TRUE
93960378,https://photos.zillowstatic.com/p_c/ISek4t9y1tuuou0000000000.jpg,NA,photo-tile-image,photos/ISek4t9y1tuuou0000000000.jpg,TRUE
93960378,https://photos.zillowstatic.com/p_c/ISyzdenulxmymv0000000000.jpg,NA,photo-tile-image,photos/ISyzdenulxmymv0000000000.jpg,TRUE
93960378,https://photos.zillowstatic.com/p_c/IS6e2hrrxkmxou0000000000.jpg,NA,photo-tile-image,photos/IS6e2hrrxkmxou0000000000.jpg,TRUE
93960378,https://photos.zillowstatic.com/p_c/ISalm0jm4jji4w0000000000.jpg,NA,photo-tile-image,photos/ISalm0jm4jji4w0000000000.jpg,TRUE
93960378,https://photos.zillowstatic.com/p_c/ISy7059ltce0pu0000000000.jpg,NA,photo-tile-image,photos/ISy7059ltce0pu0000000000.jpg,TRUE
93960378,https://photos.zillowstatic.com/p_c/ISqtb25ohpe1nv0000000000.jpg,NA,photo-tile-image,photos/ISqtb25ohpe1nv0000000000.jpg,TRUE
93960378,https://photos.zillowstatic.com/p_c/ISq1ysqep463pu0000000000.jpg,NA,photo-tile-image,photos/ISq1ysqep463pu0000000000.jpg,TRUE
93960378,https://photos.zillowstatic.com/p_c/ISin9qmhdh64nv0000000000.jpg,NA,photo-tile-image,photos/ISin9qmhdh64nv0000000000.jpg,TRUE
93960378,https://photos.zillowstatic.com/p_c/ISa1bypixb1kxu0000000000.jpg,NA,photo-tile-image,photos/ISa1bypixb1kxu0000000000.jpg,TRUE
93960378,https://photos.zillowstatic.com/p_c/ISah7e4b99y6nv0000000000.jpg,NA,photo-tile-image,photos/ISah7e4b99y6nv0000000000.jpg,TRUE
93960378,https://photos.zillowstatic.com/p_c/ISivvg88lwx5pu0000000000.jpg,NA,photo-tile-image,photos/ISivvg88lwx5pu0000000000.jpg,TRUE
93960378,https://photos.zillowstatic.com/p_c/IS2b52m451q9nv0000000000.jpg,NA,photo-tile-image,photos/IS2b52m451q9nv0000000000.jpg,TRUE
93960378,https://photos.zillowstatic.com/p_c/ISapt4q1hop8pu0000000000.jpg,NA,photo-tile-image,photos/ISapt4q1hop8pu0000000000.jpg,TRUE
93960378,https://photos.zillowstatic.com/p_c/IS2fko0g0bbl4w0000000000.jpg,NA,photo-tile-image,photos/IS2fko0g0bbl4w0000000000.jpg,TRUE
93960378,https://photos.zillowstatic.com/p_c/IS2jrs7vcghbpu0000000000.jpg,NA,photo-tile-image,photos/IS2jrs7vcghbpu0000000000.jpg,TRUE
93960378,https://photos.zillowstatic.com/p_c/ISu43q3y0thcnv0000000000.jpg,NA,photo-tile-image,photos/ISu43q3y0thcnv0000000000.jpg,TRUE
93960378,https://photos.zillowstatic.com/p_c/ISmy0elrwk9fnv0000000000.jpg,NA,photo-tile-image,photos/ISmy0elrwk9fnv0000000000.jpg,TRUE
93960378,https://photos.zillowstatic.com/p_c/ISesy13lsc1inv0000000000.jpg,NA,photo-tile-image,photos/ISesy13lsc1inv0000000000.jpg,TRUE
93960378,https://photos.zillowstatic.com/p_c/ISucpgpo889epu0000000000.jpg,NA,photo-tile-image,photos/ISucpgpo889epu0000000000.jpg,TRUE
93960378,https://photos.zillowstatic.com/p_c/IS6mwpkeo4tknv0000000000.jpg,NA,photo-tile-image,photos/IS6mwpkeo4tknv0000000000.jpg,TRUE
93960378,https://photos.zillowstatic.com/p_c/ISm6n47i401hpu0000000000.jpg,NA,photo-tile-image,photos/ISm6n47i401hpu0000000000.jpg,TRUE
93960378,https://photos.zillowstatic.com/p_c/ISyfud28kwknnv0000000000.jpg,NA,photo-tile-image,photos/ISyfud28kwknnv0000000000.jpg,TRUE
93960378,https://photos.zillowstatic.com/p_c/ISe0lsob0ssjpu0000000000.jpg,NA,photo-tile-image,photos/ISe0lsob0ssjpu0000000000.jpg,TRUE
93960378,https://photos.zillowstatic.com/p_h/ISu08np7skx2hu0000000000.jpg,NA,photo-tile-image,photos/ISu08np7skx2hu0000000000.jpg,TRUE
93956859,https://photos.zillowstatic.com/p_h/ISu0w5ckjtgc2j1000000000.jpg,NA,photo-tile-image,photos/ISu0w5ckjtgc2j1000000000.jpg,TRUE
93956859,https://photos.zillowstatic.com/p_c/IS6qrwdzt1ckms0000000000.jpg,NA,photo-tile-image,photos/IS6qrwdzt1ckms0000000000.jpg,TRUE
93956859,https://photos.zillowstatic.com/p_c/ISe4wfhbjnahds0000000000.jpg,NA,photo-tile-image,photos/ISe4wfhbjnahds0000000000.jpg,TRUE
93956859,https://photos.zillowstatic.com/p_c/ISyjpkvspt3nms0000000000.jpg,NA,photo-tile-image,photos/ISyjpkvspt3nms0000000000.jpg,TRUE
93956859,https://photos.zillowstatic.com/p_c/IS6yt3z4ff2kds0000000000.jpg,NA,photo-tile-image,photos/IS6yt3z4ff2kds0000000000.jpg,TRUE
93956859,https://photos.zillowstatic.com/p_c/ISqdn8dmllvpms0000000000.jpg,NA,photo-tile-image,photos/ISqdn8dmllvpms0000000000.jpg,TRUE
93956859,https://photos.zillowstatic.com/p_c/ISyrrrgya7umds0000000000.jpg,NA,photo-tile-image,photos/ISyrrrgya7umds0000000000.jpg,TRUE
93956859,https://photos.zillowstatic.com/p_c/ISi7lwufhdnsms0000000000.jpg,NA,photo-tile-image,photos/ISi7lwufhdnsms0000000000.jpg,TRUE
93956859,https://photos.zillowstatic.com/p_c/ISqlpfyr6zlpds0000000000.jpg,NA,photo-tile-image,photos/ISqlpfyr6zlpds0000000000.jpg,TRUE
93956859,https://photos.zillowstatic.com/p_c/ISa1jkc9d5fvms0000000000.jpg,NA,photo-tile-image,photos/ISa1jkc9d5fvms0000000000.jpg,TRUE
93956859,https://photos.zillowstatic.com/p_c/ISifn3gl2rdsds0000000000.jpg,NA,photo-tile-image,photos/ISifn3gl2rdsds0000000000.jpg,TRUE
93956859,https://photos.zillowstatic.com/p_c/IS2vg8u29x6yms0000000000.jpg,NA,photo-tile-image,photos/IS2vg8u29x6yms0000000000.jpg,TRUE
93956859,https://photos.zillowstatic.com/p_c/ISa9lrxeyi5vds0000000000.jpg,NA,photo-tile-image,photos/ISa9lrxeyi5vds0000000000.jpg,TRUE
93956859,https://photos.zillowstatic.com/p_c/ISuoewbw4py0ns0000000000.jpg,NA,photo-tile-image,photos/ISuoewbw4py0ns0000000000.jpg,TRUE
93956859,https://photos.zillowstatic.com/p_c/IS23jff8uaxxds0000000000.jpg,NA,photo-tile-image,photos/IS23jff8uaxxds0000000000.jpg,TRUE
93956859,https://photos.zillowstatic.com/p_c/ISmicktp0hq3ns0000000000.jpg,NA,photo-tile-image,photos/ISmicktp0hq3ns0000000000.jpg,TRUE
93956859,https://photos.zillowstatic.com/p_c/ISuwg3x1q2p0es0000000000.jpg,NA,photo-tile-image,photos/ISuwg3x1q2p0es0000000000.jpg,TRUE
93956859,https://photos.zillowstatic.com/p_c/ISeca8bjw8i6ns0000000000.jpg,NA,photo-tile-image,photos/ISeca8bjw8i6ns0000000000.jpg,TRUE
93956859,https://photos.zillowstatic.com/p_c/ISmqerevlug3es0000000000.jpg,NA,photo-tile-image,photos/ISmqerevlug3es0000000000.jpg,TRUE
93956859,https://photos.zillowstatic.com/p_c/IS668wscs0a9ns0000000000.jpg,NA,photo-tile-image,photos/IS668wscs0a9ns0000000000.jpg,TRUE
93956859,https://photos.zillowstatic.com/p_c/ISekcfwohm86es0000000000.jpg,NA,photo-tile-image,photos/ISekcfwohm86es0000000000.jpg,TRUE
93956859,https://photos.zillowstatic.com/p_c/ISyz5ka6os1cns0000000000.jpg,NA,photo-tile-image,photos/ISyz5ka6os1cns0000000000.jpg,TRUE
93956859,https://photos.zillowstatic.com/p_c/IS6ea3eide09es0000000000.jpg,NA,photo-tile-image,photos/IS6ea3eide09es0000000000.jpg,TRUE
93956859,https://photos.zillowstatic.com/p_c/ISqt38szjktens0000000000.jpg,NA,photo-tile-image,photos/ISqt38szjktens0000000000.jpg,TRUE
93956859,https://photos.zillowstatic.com/p_c/ISy78rvb96sbes0000000000.jpg,NA,photo-tile-image,photos/ISy78rvb96sbes0000000000.jpg,TRUE
93956859,https://photos.zillowstatic.com/p_c/ISin1w9tfclhns0000000000.jpg,NA,photo-tile-image,photos/ISin1w9tfclhns0000000000.jpg,TRUE
93956859,https://photos.zillowstatic.com/p_c/ISq16fd55yjees0000000000.jpg,NA,photo-tile-image,photos/ISq16fd55yjees0000000000.jpg,TRUE
93956859,https://photos.zillowstatic.com/p_c/ISahzjrmb4dkns0000000000.jpg,NA,photo-tile-image,photos/ISahzjrmb4dkns0000000000.jpg,TRUE
93956859,https://photos.zillowstatic.com/p_c/ISiv33vy0qbhes0000000000.jpg,NA,photo-tile-image,photos/ISiv33vy0qbhes0000000000.jpg,TRUE
93956859,https://photos.zillowstatic.com/p_h/ISu0w5ckjtgc2j1000000000.jpg,NA,photo-tile-image,photos/ISu0w5ckjtgc2j1000000000.jpg,TRUE
93957538,https://photos.zillowstatic.com/p_h/ISq5herhlsx61w1000000000.jpg,NA,photo-tile-image,photos/ISq5herhlsx61w1000000000.jpg,TRUE
93957538,https://photos.zillowstatic.com/p_c/ISecm1azur9lhw1000000000.jpg,NA,photo-tile-image,photos/ISecm1azur9lhw1000000000.jpg,TRUE
93957538,https://photos.zillowstatic.com/p_c/ISa5ujqltzsn9w1000000000.jpg,NA,photo-tile-image,photos/ISa5ujqltzsn9w1000000000.jpg,TRUE
93957538,https://photos.zillowstatic.com/p_c/ISyrj1ftmokzww1000000000.jpg,NA,photo-tile-image,photos/ISyrj1ftmokzww1000000000.jpg,TRUE
93957538,https://photos.zillowstatic.com/p_c/IS66kprsqj1ohw1000000000.jpg,NA,photo-tile-image,photos/IS66kprsqj1ohw1000000000.jpg,TRUE
93957538,https://photos.zillowstatic.com/p_c/IS2zr78fprkq9w1000000000.jpg,NA,photo-tile-image,photos/IS2zr78fprkq9w1000000000.jpg,TRUE
93957538,https://photos.zillowstatic.com/p_c/ISyzhd9mmbtqhw1000000000.jpg,NA,photo-tile-image,photos/ISyzhd9mmbtqhw1000000000.jpg,TRUE
93957538,https://photos.zillowstatic.com/p_c/ISuspvp8ljct9w1000000000.jpg,NA,photo-tile-image,photos/ISuspvp8ljct9w1000000000.jpg,TRUE
93957538,https://photos.zillowstatic.com/p_c/ISqtf1rfi3lthw1000000000.jpg,NA,photo-tile-image,photos/ISqtf1rfi3lthw1000000000.jpg,TRUE
93957538,https://photos.zillowstatic.com/p_c/ISmmnj72hb4w9w1000000000.jpg,NA,photo-tile-image,photos/ISmmnj72hb4w9w1000000000.jpg,TRUE
93957538,https://photos.zillowstatic.com/p_c/ISqlhpwmigc2xw1000000000.jpg,NA,photo-tile-image,photos/ISqlhpwmigc2xw1000000000.jpg,TRUE
93957538,https://photos.zillowstatic.com/p_c/ISindp89evcwhw1000000000.jpg,NA,photo-tile-image,photos/ISindp89evcwhw1000000000.jpg,TRUE
93957538,https://photos.zillowstatic.com/p_c/ISiffdege845xw1000000000.jpg,NA,photo-tile-image,photos/ISiffdege845xw1000000000.jpg,TRUE
93957538,https://photos.zillowstatic.com/p_c/ISegl7pvc3wy9w1000000000.jpg,NA,photo-tile-image,photos/ISegl7pvc3wy9w1000000000.jpg,TRUE
93957538,https://photos.zillowstatic.com/p_c/ISahbdq2an4zhw1000000000.jpg,NA,photo-tile-image,photos/ISahbdq2an4zhw1000000000.jpg,TRUE
93957538,https://photos.zillowstatic.com/p_c/IS6ajv6p8vn1aw1000000000.jpg,NA,photo-tile-image,photos/IS6ajv6p8vn1aw1000000000.jpg,TRUE
93957538,https://photos.zillowstatic.com/p_c/IS2b918w5fw1iw1000000000.jpg,NA,photo-tile-image,photos/IS2b918w5fw1iw1000000000.jpg,TRUE
93957538,https://photos.zillowstatic.com/p_c/ISy3hjoi4nf4aw1000000000.jpg,NA,photo-tile-image,photos/ISy3hjoi4nf4aw1000000000.jpg,TRUE
93957538,https://photos.zillowstatic.com/p_c/ISu47ppp17o4iw1000000000.jpg,NA,photo-tile-image,photos/ISu47ppp17o4iw1000000000.jpg,TRUE
93957538,https://photos.zillowstatic.com/p_c/ISa9d1w9a0w7xw1000000000.jpg,NA,photo-tile-image,photos/ISa9d1w9a0w7xw1000000000.jpg,TRUE
93957538,https://photos.zillowstatic.com/p_c/ISmy4d7jxyf7iw1000000000.jpg,NA,photo-tile-image,photos/ISmy4d7jxyf7iw1000000000.jpg,TRUE
93957538,https://photos.zillowstatic.com/p_c/IS23bpd36snaxw1000000000.jpg,NA,photo-tile-image,photos/IS23bpd36snaxw1000000000.jpg,TRUE
93957538,https://photos.zillowstatic.com/p_c/ISqxe76c0f77aw1000000000.jpg,NA,photo-tile-image,photos/ISqxe76c0f77aw1000000000.jpg,TRUE
93957538,https://photos.zillowstatic.com/p_c/ISuw8dvw1kfdxw1000000000.jpg,NA,photo-tile-image,photos/ISuw8dvw1kfdxw1000000000.jpg,TRUE
93957538,https://photos.zillowstatic.com/p_c/ISes21pctq7aiw1000000000.jpg,NA,photo-tile-image,photos/ISes21pctq7aiw1000000000.jpg,TRUE
93957538,https://photos.zillowstatic.com/p_h/ISq5herhlsx61w1000000000.jpg,NA,photo-tile-image,photos/ISq5herhlsx61w1000000000.jpg,TRUE
120606137,https://photos.zillowstatic.com/p_h/ISi7duvgmtpj1v1000000000.jpg,NA,photo-tile-image,photos/ISi7duvgmtpj1v1000000000.jpg,TRUE
120606137,https://photos.zillowstatic.com/p_c/ISa1bidailhm1v1000000000.jpg,NA,photo-tile-image,photos/ISa1bidailhm1v1000000000.jpg,TRUE
120606137,https://photos.zillowstatic.com/p_c/IS2v86v3ed9p1v1000000000.jpg,NA,photo-tile-image,photos/IS2v86v3ed9p1v1000000000.jpg,TRUE
120606137,https://photos.zillowstatic.com/p_c/ISuo6ucx951s1v1000000000.jpg,NA,photo-tile-image,photos/ISuo6ucx951s1v1000000000.jpg,TRUE
120606137,https://photos.zillowstatic.com/p_c/ISmqiaoyii0kbv1000000000.jpg,NA,photo-tile-image,photos/ISmqiaoyii0kbv1000000000.jpg,TRUE
120606137,https://photos.zillowstatic.com/p_c/IS23nyobrygebv1000000000.jpg,NA,photo-tile-image,photos/IS23nyobrygebv1000000000.jpg,TRUE
120606137,https://photos.zillowstatic.com/p_c/ISuwkm65nq8hbv1000000000.jpg,NA,photo-tile-image,photos/ISuwkm65nq8hbv1000000000.jpg,TRUE
120606137,https://photos.zillowstatic.com/p_c/ISekgy5seasmbv1000000000.jpg,NA,photo-tile-image,photos/ISekgy5seasmbv1000000000.jpg,TRUE
120606137,https://photos.zillowstatic.com/p_c/IS6eemnla2kpbv1000000000.jpg,NA,photo-tile-image,photos/IS6eemnla2kpbv1000000000.jpg,TRUE
120606137,https://photos.zillowstatic.com/p_c/ISiv7m42ydvxbv1000000000.jpg,NA,photo-tile-image,photos/ISiv7m42ydvxbv1000000000.jpg,TRUE
120606137,https://photos.zillowstatic.com/p_c/IS2j3y3ppxe3cv1000000000.jpg,NA,photo-tile-image,photos/IS2j3y3ppxe3cv1000000000.jpg,TRUE
120606137,https://photos.zillowstatic.com/p_c/ISap5amvt5n0cv1000000000.jpg,NA,photo-tile-image,photos/ISap5amvt5n0cv1000000000.jpg,TRUE
120606137,https://photos.zillowstatic.com/p_c/ISuc1mlilp66cv1000000000.jpg,NA,photo-tile-image,photos/ISuc1mlilp66cv1000000000.jpg,TRUE
120606137,https://photos.zillowstatic.com/p_c/ISm6z93chhy8cv1000000000.jpg,NA,photo-tile-image,photos/ISm6z93chhy8cv1000000000.jpg,TRUE
120606137,https://photos.zillowstatic.com/p_c/ISe0xxk5d9qbcv1000000000.jpg,NA,photo-tile-image,photos/ISe0xxk5d9qbcv1000000000.jpg,TRUE
120606137,https://photos.zillowstatic.com/p_c/ISyns9ks4t9hcv1000000000.jpg,NA,photo-tile-image,photos/ISyns9ks4t9hcv1000000000.jpg,TRUE
120606137,https://photos.zillowstatic.com/p_c/ISqhqx1m0l1kcv1000000000.jpg,NA,photo-tile-image,photos/ISqhqx1m0l1kcv1000000000.jpg,TRUE
120606137,https://photos.zillowstatic.com/p_c/ISiboljfwctmcv1000000000.jpg,NA,photo-tile-image,photos/ISiboljfwctmcv1000000000.jpg,TRUE
120606137,https://photos.zillowstatic.com/p_c/ISa5m919s4lpcv1000000000.jpg,NA,photo-tile-image,photos/ISa5m919s4lpcv1000000000.jpg,TRUE
120606137,https://photos.zillowstatic.com/p_c/IS2zjxi2owcscv1000000000.jpg,NA,photo-tile-image,photos/IS2zjxi2owcscv1000000000.jpg,TRUE
120606137,https://photos.zillowstatic.com/p_c/ISmmf9ipfgwxcv1000000000.jpg,NA,photo-tile-image,photos/ISmmf9ipfgwxcv1000000000.jpg,TRUE
120606137,https://photos.zillowstatic.com/p_c/ISushl0wjo4vcv1000000000.jpg,NA,photo-tile-image,photos/ISushl0wjo4vcv1000000000.jpg,TRUE
120606137,https://photos.zillowstatic.com/p_h/ISi7duvgmtpj1v1000000000.jpg,NA,photo-tile-image,photos/ISi7duvgmtpj1v1000000000.jpg,TRUE
93957524,https://photos.zillowstatic.com/p_h/ISqtv5xnlwdko00000000000.jpg,NA,photo-tile-image,photos/ISqtv5xnlwdko00000000000.jpg,TRUE
93957524,https://photos.zillowstatic.com/p_c/ISizqja1knm1st0000000000.jpg,NA,photo-tile-image,photos/ISizqja1knm1st0000000000.jpg,TRUE
93957524,https://photos.zillowstatic.com/p_c/ISe0lcgqhxq0g00000000000.jpg,NA,photo-tile-image,photos/ISe0lcgqhxq0g00000000000.jpg,TRUE
93957524,https://photos.zillowstatic.com/p_c/IS6ui0yjdpi3g00000000000.jpg,NA,photo-tile-image,photos/IS6ui0yjdpi3g00000000000.jpg,TRUE
93957524,https://photos.zillowstatic.com/p_c/ISa5y6fbtlplrh1000000000.jpg,NA,photo-tile-image,photos/ISa5y6fbtlplrh1000000000.jpg,TRUE
93957524,https://photos.zillowstatic.com/p_c/ISq1ycit6a4kf00000000000.jpg,NA,photo-tile-image,photos/ISq1ycit6a4kf00000000000.jpg,TRUE
93957524,https://photos.zillowstatic.com/p_c/ISy70p00bichf00000000000.jpg,NA,photo-tile-image,photos/ISy70p00bichf00000000000.jpg,TRUE
93957524,https://photos.zillowstatic.com/p_c/IS6e21j6fqkef00000000000.jpg,NA,photo-tile-image,photos/IS6e21j6fqkef00000000000.jpg,TRUE
93957524,https://photos.zillowstatic.com/p_c/ISu0su8rkshich1000000000.jpg,NA,photo-tile-image,photos/ISu0su8rkshich1000000000.jpg,TRUE
93957524,https://photos.zillowstatic.com/p_c/ISm2gc9y305z2h0000000000.jpg,NA,photo-tile-image,photos/ISm2gc9y305z2h0000000000.jpg,TRUE
93957524,https://photos.zillowstatic.com/p_c/ISadwi94t8ycch1000000000.jpg,NA,photo-tile-image,photos/ISadwi94t8ycch1000000000.jpg,TRUE
93957524,https://photos.zillowstatic.com/p_c/ISijyuraxg6ach1000000000.jpg,NA,photo-tile-image,photos/ISijyuraxg6ach1000000000.jpg,TRUE
93957524,https://photos.zillowstatic.com/p_c/ISi7tm0w81comh1000000000.jpg,NA,photo-tile-image,photos/ISi7tm0w81comh1000000000.jpg,TRUE
93957524,https://photos.zillowstatic.com/p_c/ISqp07ah1pe7ch1000000000.jpg,NA,photo-tile-image,photos/ISqp07ah1pe7ch1000000000.jpg,TRUE
93957524,https://photos.zillowstatic.com/p_c/IS2b56laoythjb1000000000.jpg,NA,photo-tile-image,photos/IS2b56laoythjb1000000000.jpg,TRUE
93957524,https://photos.zillowstatic.com/p_c/ISmi07fonpkw9h0000000000.jpg,NA,photo-tile-image,photos/ISmi07fonpkw9h0000000000.jpg,TRUE
93957524,https://photos.zillowstatic.com/p_c/IS2fk0abcglt2h0000000000.jpg,NA,photo-tile-image,photos/IS2fk0abcglt2h0000000000.jpg,TRUE
93957524,https://photos.zillowstatic.com/p_c/ISqxq0tuo4al2h0000000000.jpg,NA,photo-tile-image,photos/ISqxq0tuo4al2h0000000000.jpg,TRUE
93957524,https://photos.zillowstatic.com/p_c/ISirooaokw1o2h0000000000.jpg,NA,photo-tile-image,photos/ISirooaokw1o2h0000000000.jpg,TRUE
93957524,https://photos.zillowstatic.com/p_c/IS6avot7xkqf2h0000000000.jpg,NA,photo-tile-image,photos/IS6avot7xkqf2h0000000000.jpg,TRUE
93957524,https://photos.zillowstatic.com/p_c/ISin9ulnweacjb1000000000.jpg,NA,photo-tile-image,photos/ISin9ulnweacjb1000000000.jpg,TRUE
93957524,https://photos.zillowstatic.com/p_c/ISqtb64u0ni9jb1000000000.jpg,NA,photo-tile-image,photos/ISqtb64u0ni9jb1000000000.jpg,TRUE
93957524,https://photos.zillowstatic.com/p_c/ISyzdim05vq6jb1000000000.jpg,NA,photo-tile-image,photos/ISyzdim05vq6jb1000000000.jpg,TRUE
93957524,https://photos.zillowstatic.com/p_c/ISmu1c51y6r9rb1000000000.jpg,NA,photo-tile-image,photos/ISmu1c51y6r9rb1000000000.jpg,TRUE
93957524,https://photos.zillowstatic.com/p_c/ISekwyglqweqsb1000000000.jpg,NA,photo-tile-image,photos/ISekwyglqweqsb1000000000.jpg,TRUE
93957524,https://photos.zillowstatic.com/p_c/ISmqyazru4nnsb1000000000.jpg,NA,photo-tile-image,photos/ISmqyazru4nnsb1000000000.jpg,TRUE
93957524,https://photos.zillowstatic.com/p_c/ISmiwbob2z2o3h0000000000.jpg,NA,photo-tile-image,photos/ISmiwbob2z2o3h0000000000.jpg,TRUE
93957524,https://photos.zillowstatic.com/p_c/ISi3m2p2qed1db0000000000.jpg,NA,photo-tile-image,photos/ISi3m2p2qed1db0000000000.jpg,TRUE
93957524,https://photos.zillowstatic.com/p_c/ISecuz55yquq3h0000000000.jpg,NA,photo-tile-image,photos/ISecuz55yquq3h0000000000.jpg,TRUE
93957524,https://photos.zillowstatic.com/p_h/ISqtv5xnlwdko00000000000.jpg,NA,photo-tile-image,photos/ISqtv5xnlwdko00000000000.jpg,TRUE
115839013,https://photos.zillowstatic.com/p_h/ISyz9j8v64kjw41000000000.jpg,NA,photo-tile-image,photos/ISyz9j8v64kjw41000000000.jpg,TRUE
115839013,https://photos.zillowstatic.com/p_c/ISm6vmqrt1vv161000000000.jpg,NA,photo-tile-image,photos/ISm6vmqrt1vv161000000000.jpg,TRUE
115839013,https://photos.zillowstatic.com/p_c/ISe0ta8lptmy161000000000.jpg,NA,photo-tile-image,photos/ISe0ta8lptmy161000000000.jpg,TRUE
115839013,https://photos.zillowstatic.com/p_c/IS6uqypelle1261000000000.jpg,NA,photo-tile-image,photos/IS6uqypelle1261000000000.jpg,TRUE
115839013,https://photos.zillowstatic.com/p_c/ISynom78hd64261000000000.jpg,NA,photo-tile-image,photos/ISynom78hd64261000000000.jpg,TRUE
115839013,https://photos.zillowstatic.com/p_c/ISm282kx3yp7s61000000000.jpg,NA,photo-tile-image,photos/ISm282kx3yp7s61000000000.jpg,TRUE
115839013,https://photos.zillowstatic.com/p_c/ISqhmap1d5y6261000000000.jpg,NA,photo-tile-image,photos/ISqhmap1d5y6261000000000.jpg,TRUE
115839013,https://photos.zillowstatic.com/p_c/ISibky6v8xp9261000000000.jpg,NA,photo-tile-image,photos/ISibky6v8xp9261000000000.jpg,TRUE
115839013,https://photos.zillowstatic.com/p_c/ISa5imoo4phc261000000000.jpg,NA,photo-tile-image,photos/ISa5imoo4phc261000000000.jpg,TRUE
115839013,https://photos.zillowstatic.com/p_c/IS2zfa6i0h9f261000000000.jpg,NA,photo-tile-image,photos/IS2zfa6i0h9f261000000000.jpg,TRUE
115839013,https://photos.zillowstatic.com/p_c/ISew5q1rzphas61000000000.jpg,NA,photo-tile-image,photos/ISew5q1rzphas61000000000.jpg,TRUE
115839013,https://photos.zillowstatic.com/p_c/ISusdynbw81i261000000000.jpg,NA,photo-tile-image,photos/ISusdynbw81i261000000000.jpg,TRUE
115839013,https://photos.zillowstatic.com/p_c/IS6q3ejkvh9ds61000000000.jpg,NA,photo-tile-image,photos/IS6q3ejkvh9ds61000000000.jpg,TRUE
115839013,https://photos.zillowstatic.com/p_c/ISucl5q2ip18371000000000.jpg,NA,photo-tile-image,photos/ISucl5q2ip18371000000000.jpg,TRUE
115839013,https://photos.zillowstatic.com/p_c/ISyj121er91gs61000000000.jpg,NA,photo-tile-image,photos/ISyj121er91gs61000000000.jpg,TRUE
115839013,https://photos.zillowstatic.com/p_c/ISm6jt7wdhta371000000000.jpg,NA,photo-tile-image,photos/ISm6jt7wdhta371000000000.jpg,TRUE
115839013,https://photos.zillowstatic.com/p_c/ISqdzpi7n1tis61000000000.jpg,NA,photo-tile-image,photos/ISqdzpi7n1tis61000000000.jpg,TRUE
115839013,https://photos.zillowstatic.com/p_c/ISe0hhpp99ld371000000000.jpg,NA,photo-tile-image,photos/ISe0hhpp99ld371000000000.jpg,TRUE
115839013,https://photos.zillowstatic.com/p_c/ISiv7uiuvo9t761000000000.jpg,NA,photo-tile-image,photos/ISiv7uiuvo9t761000000000.jpg,TRUE
115839013,https://photos.zillowstatic.com/p_c/ISi7xd01jtkls61000000000.jpg,NA,photo-tile-image,photos/ISi7xd01jtkls61000000000.jpg,TRUE
115839013,https://photos.zillowstatic.com/p_c/IS6ue57j51dg371000000000.jpg,NA,photo-tile-image,photos/IS6ue57j51dg371000000000.jpg,TRUE
115839013,https://photos.zillowstatic.com/p_c/ISynctoc1t4j371000000000.jpg,NA,photo-tile-image,photos/ISynctoc1t4j371000000000.jpg,TRUE
115839013,https://photos.zillowstatic.com/p_c/ISqhah66xkwl371000000000.jpg,NA,photo-tile-image,photos/ISqhah66xkwl371000000000.jpg,TRUE
115839013,https://photos.zillowstatic.com/p_c/ISib85ozscoo371000000000.jpg,NA,photo-tile-image,photos/ISib85ozscoo371000000000.jpg,TRUE
115839013,https://photos.zillowstatic.com/p_c/ISa56t5to4gr371000000000.jpg,NA,photo-tile-image,photos/ISa56t5to4gr371000000000.jpg,TRUE
115839013,https://photos.zillowstatic.com/p_h/ISyz9j8v64kjw41000000000.jpg,NA,photo-tile-image,photos/ISyz9j8v64kjw41000000000.jpg,TRUE
93953893,https://photos.zillowstatic.com/p_h/ISapdct8lg6nr20000000000.jpg,NA,photo-tile-image,photos/ISapdct8lg6nr20000000000.jpg,TRUE
93953893,https://photos.zillowstatic.com/p_c/IS2fgpmikntk530000000000.jpg,NA,photo-tile-image,photos/IS2fgpmikntk530000000000.jpg,TRUE
93953893,https://photos.zillowstatic.com/p_c/IS2jnttxwszaq10000000000.jpg,NA,photo-tile-image,photos/IS2jnttxwszaq10000000000.jpg,TRUE
93953893,https://photos.zillowstatic.com/p_c/ISu8ed4cgfln530000000000.jpg,NA,photo-tile-image,photos/ISu8ed4cgfln530000000000.jpg,TRUE
93953893,https://photos.zillowstatic.com/p_c/ISuclhbrskrdq10000000000.jpg,NA,photo-tile-image,photos/ISuclhbrskrdq10000000000.jpg,TRUE
93953893,https://photos.zillowstatic.com/p_c/ISm2c1m5c7dq530000000000.jpg,NA,photo-tile-image,photos/ISm2c1m5c7dq530000000000.jpg,TRUE
93953893,https://photos.zillowstatic.com/p_c/ISy31v64h4su320000000000.jpg,NA,photo-tile-image,photos/ISy31v64h4su320000000000.jpg,TRUE
93953893,https://photos.zillowstatic.com/p_c/ISew9p3z7z4t530000000000.jpg,NA,photo-tile-image,photos/ISew9p3z7z4t530000000000.jpg,TRUE
93953893,https://photos.zillowstatic.com/p_c/IS6q7dls3rwv530000000000.jpg,NA,photo-tile-image,photos/IS6q7dls3rwv530000000000.jpg,TRUE
93953893,https://photos.zillowstatic.com/p_c/ISm6j5tkocjgq10000000000.jpg,NA,photo-tile-image,photos/ISm6j5tkocjgq10000000000.jpg,TRUE
93953893,https://photos.zillowstatic.com/p_c/ISyj513mzioy530000000000.jpg,NA,photo-tile-image,photos/ISyj513mzioy530000000000.jpg,TRUE
93953893,https://photos.zillowstatic.com/p_c/ISqd3pkfvag1630000000000.jpg,NA,photo-tile-image,photos/ISqd3pkfvag1630000000000.jpg,TRUE
93953893,https://photos.zillowstatic.com/p_c/ISe0htaek4bjq10000000000.jpg,NA,photo-tile-image,photos/ISe0htaek4bjq10000000000.jpg,TRUE
93953893,https://photos.zillowstatic.com/p_c/ISi71d29r284630000000000.jpg,NA,photo-tile-image,photos/ISi71d29r284630000000000.jpg,TRUE
93953893,https://photos.zillowstatic.com/p_c/ISa1z0k2nuz6630000000000.jpg,NA,photo-tile-image,photos/ISa1z0k2nuz6630000000000.jpg,TRUE
93953893,https://photos.zillowstatic.com/p_c/IS6uehs7gw2mq10000000000.jpg,NA,photo-tile-image,photos/IS6uehs7gw2mq10000000000.jpg,TRUE
93953893,https://photos.zillowstatic.com/p_c/IS2vwo1wimr9630000000000.jpg,NA,photo-tile-image,photos/IS2vwo1wimr9630000000000.jpg,TRUE
93953893,https://photos.zillowstatic.com/p_c/ISuoucjpeejc630000000000.jpg,NA,photo-tile-image,photos/ISuoucjpeejc630000000000.jpg,TRUE
93953893,https://photos.zillowstatic.com/p_c/ISmis01ja6bf630000000000.jpg,NA,photo-tile-image,photos/ISmis01ja6bf630000000000.jpg,TRUE
93953893,https://photos.zillowstatic.com/p_c/ISecqoic6y2i630000000000.jpg,NA,photo-tile-image,photos/ISecqoic6y2i630000000000.jpg,TRUE
93953893,https://photos.zillowstatic.com/p_c/IS66oc062quk630000000000.jpg,NA,photo-tile-image,photos/IS66oc062quk630000000000.jpg,TRUE
93953893,https://photos.zillowstatic.com/p_c/ISyzl0izxhmn630000000000.jpg,NA,photo-tile-image,photos/ISyzl0izxhmn630000000000.jpg,TRUE
93953893,https://photos.zillowstatic.com/p_c/ISqtjozst9eq630000000000.jpg,NA,photo-tile-image,photos/ISqtjozst9eq630000000000.jpg,TRUE
93953893,https://photos.zillowstatic.com/p_c/ISinhchmp16t630000000000.jpg,NA,photo-tile-image,photos/ISinhchmp16t630000000000.jpg,TRUE
93953893,https://photos.zillowstatic.com/p_c/ISync5a1couoq10000000000.jpg,NA,photo-tile-image,photos/ISync5a1couoq10000000000.jpg,TRUE
93953893,https://photos.zillowstatic.com/p_c/ISahf0zfltxv630000000000.jpg,NA,photo-tile-image,photos/ISahf0zfltxv630000000000.jpg,TRUE
93953893,https://photos.zillowstatic.com/p_h/ISapdct8lg6nr20000000000.jpg,NA,photo-tile-image,photos/ISapdct8lg6nr20000000000.jpg,TRUE
86877787,https://photos.zillowstatic.com/p_h/ISuoi3s0eqmr9u0000000000.jpg,NA,photo-tile-image,photos/ISuoi3s0eqmr9u0000000000.jpg,TRUE
86877787,https://photos.zillowstatic.com/p_c/IS2n6jl8srwhrn0000000000.jpg,NA,photo-tile-image,photos/IS2n6jl8srwhrn0000000000.jpg,TRUE
86877787,https://photos.zillowstatic.com/p_c/ISmigr9u9ieu9u0000000000.jpg,NA,photo-tile-image,photos/ISmigr9u9ieu9u0000000000.jpg,TRUE
86877787,https://photos.zillowstatic.com/p_c/ISirc7xc1jfyus0000000000.jpg,NA,photo-tile-image,photos/ISirc7xc1jfyus0000000000.jpg,TRUE
86877787,https://photos.zillowstatic.com/p_c/ISqxie6wqh541t0000000000.jpg,NA,photo-tile-image,photos/ISqxie6wqh541t0000000000.jpg,TRUE
86877787,https://photos.zillowstatic.com/p_c/ISizmkku43a6up0000000000.jpg,NA,photo-tile-image,photos/ISizmkku43a6up0000000000.jpg,TRUE
86877787,https://photos.zillowstatic.com/p_c/ISalave6xa71vs0000000000.jpg,NA,photo-tile-image,photos/ISalave6xa71vs0000000000.jpg,TRUE
86877787,https://photos.zillowstatic.com/p_c/ISecefrn5a6x9u0000000000.jpg,NA,photo-tile-image,photos/ISecefrn5a6x9u0000000000.jpg,TRUE
86877787,https://photos.zillowstatic.com/p_c/ISirg2opm9x61t0000000000.jpg,NA,photo-tile-image,photos/ISirg2opm9x61t0000000000.jpg,TRUE
86877787,https://photos.zillowstatic.com/p_c/ISyr780lbiopup0000000000.jpg,NA,photo-tile-image,photos/ISyr780lbiopup0000000000.jpg,TRUE
86877787,https://photos.zillowstatic.com/p_c/IS2f8jwzs2z3vs0000000000.jpg,NA,photo-tile-image,photos/IS2f8jwzs2z3vs0000000000.jpg,TRUE
86877787,https://photos.zillowstatic.com/p_c/ISyzp7qpaso0zu0000000000.jpg,NA,photo-tile-image,photos/ISyzp7qpaso0zu0000000000.jpg,TRUE
86877787,https://photos.zillowstatic.com/p_c/ISaleq5ji1p91t0000000000.jpg,NA,photo-tile-image,photos/ISaleq5ji1p91t0000000000.jpg,TRUE
86877787,https://photos.zillowstatic.com/p_c/ISuwwjgoqdj3vp0000000000.jpg,NA,photo-tile-image,photos/ISuwwjgoqdj3vp0000000000.jpg,TRUE
86877787,https://photos.zillowstatic.com/p_c/ISu867etouq6vs0000000000.jpg,NA,photo-tile-image,photos/ISu867etouq6vs0000000000.jpg,TRUE
86877787,https://photos.zillowstatic.com/p_c/ISqtnv7j6kg3zu0000000000.jpg,NA,photo-tile-image,photos/ISqtnv7j6kg3zu0000000000.jpg,TRUE
86877787,https://photos.zillowstatic.com/p_c/IS2fcencetgc1t0000000000.jpg,NA,photo-tile-image,photos/IS2fcencetgc1t0000000000.jpg,TRUE
86877787,https://photos.zillowstatic.com/p_c/IS2jfvd8tkppvp0000000000.jpg,NA,photo-tile-image,photos/IS2jfvd8tkppvp0000000000.jpg,TRUE
86877787,https://photos.zillowstatic.com/p_c/ISm24vvmkmi9vs0000000000.jpg,NA,photo-tile-image,photos/ISm24vvmkmi9vs0000000000.jpg,TRUE
86877787,https://photos.zillowstatic.com/p_c/ISahj776y309zu0000000000.jpg,NA,photo-tile-image,photos/ISahj776y309zu0000000000.jpg,TRUE
86877787,https://photos.zillowstatic.com/p_c/ISu8a256al8f1t0000000000.jpg,NA,photo-tile-image,photos/ISu8a256al8f1t0000000000.jpg,TRUE
86877787,https://photos.zillowstatic.com/p_c/ISib0jtyzz39wp0000000000.jpg,NA,photo-tile-image,photos/ISib0jtyzz39wp0000000000.jpg,TRUE
86877787,https://photos.zillowstatic.com/p_c/ISew1jdggeacvs0000000000.jpg,NA,photo-tile-image,photos/ISew1jdggeacvs0000000000.jpg,TRUE
86877787,https://photos.zillowstatic.com/p_c/ISu4fj6tpnjezu0000000000.jpg,NA,photo-tile-image,photos/ISu4fj6tpnjezu0000000000.jpg,TRUE
86877787,https://photos.zillowstatic.com/p_c/ISi71xtf6zc48t0000000000.jpg,NA,photo-tile-image,photos/ISi71xtf6zc48t0000000000.jpg,TRUE
86877787,https://photos.zillowstatic.com/p_c/ISahvgaopd6ltq0000000000.jpg,NA,photo-tile-image,photos/ISahvgaopd6ltq0000000000.jpg,TRUE
86877787,https://photos.zillowstatic.com/p_c/IS6qz6v9c62fvs0000000000.jpg,NA,photo-tile-image,photos/IS6qz6v9c62fvs0000000000.jpg,TRUE
86877787,https://photos.zillowstatic.com/p_c/ISesav5gh73kzu0000000000.jpg,NA,photo-tile-image,photos/ISesav5gh73kzu0000000000.jpg,TRUE
86877787,https://photos.zillowstatic.com/p_c/ISa1zkb92r478t0000000000.jpg,NA,photo-tile-image,photos/ISa1zkb92r478t0000000000.jpg,TRUE
86877787,https://photos.zillowstatic.com/p_c/ISqxiuqi27avwp0000000000.jpg,NA,photo-tile-image,photos/ISqxiuqi27avwp0000000000.jpg,TRUE
86877787,https://photos.zillowstatic.com/p_c/ISyjxuc38ythvs0000000000.jpg,NA,photo-tile-image,photos/ISyjxuc38ythvs0000000000.jpg,TRUE
86877787,https://photos.zillowstatic.com/p_c/ISyf67539rmpzu0000000000.jpg,NA,photo-tile-image,photos/ISyf67539rmpzu0000000000.jpg,TRUE
86877787,https://photos.zillowstatic.com/p_c/IS2vw8t2yiw98t0000000000.jpg,NA,photo-tile-image,photos/IS2vw8t2yiw98t0000000000.jpg,TRUE
86877787,https://photos.zillowstatic.com/p_c/IS2zf6jdq84lrq0000000000.jpg,NA,photo-tile-image,photos/IS2zf6jdq84lrq0000000000.jpg,TRUE
86877787,https://photos.zillowstatic.com/p_c/ISi7xhnpwxzmxp0000000000.jpg,NA,photo-tile-image,photos/ISi7xhnpwxzmxp0000000000.jpg,TRUE
86877787,https://photos.zillowstatic.com/p_c/ISi32j4q0b6vzu0000000000.jpg,NA,photo-tile-image,photos/ISi32j4q0b6vzu0000000000.jpg,TRUE
86877787,https://photos.zillowstatic.com/p_c/ISuouwawtaoc8t0000000000.jpg,NA,photo-tile-image,photos/ISuouwawtaoc8t0000000000.jpg,TRUE
86877787,https://photos.zillowstatic.com/p_c/ISqdviuw3qlkvs0000000000.jpg,NA,photo-tile-image,photos/ISqdviuw3qlkvs0000000000.jpg,TRUE
86877787,https://photos.zillowstatic.com/p_c/IS2rxu3dsup00v0000000000.jpg,NA,photo-tile-image,photos/IS2rxu3dsup00v0000000000.jpg,TRUE
86877787,https://photos.zillowstatic.com/p_c/ISqtftk9z469yp0000000000.jpg,NA,photo-tile-image,photos/ISqtftk9z469yp0000000000.jpg,TRUE
86877787,https://photos.zillowstatic.com/p_c/ISi7t6cqzhdnvs0000000000.jpg,NA,photo-tile-image,photos/ISi7t6cqzhdnvs0000000000.jpg,TRUE
86877787,https://photos.zillowstatic.com/p_c/ISmiskspp2gf8t0000000000.jpg,NA,photo-tile-image,photos/ISmiskspp2gf8t0000000000.jpg,TRUE
86877787,https://photos.zillowstatic.com/p_c/ISi3maf4bprsqs0000000000.jpg,NA,photo-tile-image,photos/ISi3maf4bprsqs0000000000.jpg,TRUE
86877787,https://photos.zillowstatic.com/p_c/ISukvil6omh30v0000000000.jpg,NA,photo-tile-image,photos/ISukvil6omh30v0000000000.jpg,TRUE
86877787,https://photos.zillowstatic.com/p_c/ISecq8ajlu7i8t0000000000.jpg,NA,photo-tile-image,photos/ISecq8ajlu7i8t0000000000.jpg,TRUE
86877787,https://photos.zillowstatic.com/p_c/ISyfy4it1ccvyp0000000000.jpg,NA,photo-tile-image,photos/ISyfy4it1ccvyp0000000000.jpg,TRUE
86877787,https://photos.zillowstatic.com/p_c/ISaxjywx6hjvqs0000000000.jpg,NA,photo-tile-image,photos/ISaxjywx6hjvqs0000000000.jpg,TRUE
86877787,https://photos.zillowstatic.com/p_c/ISe8ruktf6190v0000000000.jpg,NA,photo-tile-image,photos/ISe8ruktf6190v0000000000.jpg,TRUE
86877787,https://photos.zillowstatic.com/p_c/IS66owrchmzk8t0000000000.jpg,NA,photo-tile-image,photos/IS66owrchmzk8t0000000000.jpg,TRUE
86877787,https://photos.zillowstatic.com/p_c/IS62hgfd4jihzp0000000000.jpg,NA,photo-tile-image,photos/IS62hgfd4jihzp0000000000.jpg,TRUE
86877787,https://photos.zillowstatic.com/p_h/ISuoi3s0eqmr9u0000000000.jpg,NA,photo-tile-image,photos/ISuoi3s0eqmr9u0000000000.jpg,TRUE
93951457,https://photos.zillowstatic.com/p_h/ISq5tvsbfxe6wa1000000000.jpg,NA,photo-tile-image,photos/ISq5tvsbfxe6wa1000000000.jpg,TRUE
93951457,https://photos.zillowstatic.com/p_c/IS27arlrp0ay1b1000000000.jpg,NA,photo-tile-image,photos/IS27arlrp0ay1b1000000000.jpg,TRUE
93951457,https://photos.zillowstatic.com/p_c/ISuwopn3hfelyb1000000000.jpg,NA,photo-tile-image,photos/ISuwopn3hfelyb1000000000.jpg,TRUE
93951457,https://photos.zillowstatic.com/p_c/ISu08f3lls112b1000000000.jpg,NA,photo-tile-image,photos/ISu08f3lls112b1000000000.jpg,TRUE
93951457,https://photos.zillowstatic.com/p_c/ISaxr0oem6i2fc1000000000.jpg,NA,photo-tile-image,photos/ISaxr0oem6i2fc1000000000.jpg,TRUE
93951457,https://photos.zillowstatic.com/p_c/ISmu53lehkt32b1000000000.jpg,NA,photo-tile-image,photos/ISmu53lehkt32b1000000000.jpg,TRUE
93951457,https://photos.zillowstatic.com/p_c/ISekk1nq8zxqyb1000000000.jpg,NA,photo-tile-image,photos/ISekk1nq8zxqyb1000000000.jpg,TRUE
93951457,https://photos.zillowstatic.com/p_c/ISeo3r28dcl62b1000000000.jpg,NA,photo-tile-image,photos/ISeo3r28dcl62b1000000000.jpg,TRUE
93951457,https://photos.zillowstatic.com/p_c/ISy7gdmd0jhwyb1000000000.jpg,NA,photo-tile-image,photos/ISy7gdmd0jhwyb1000000000.jpg,TRUE
93951457,https://photos.zillowstatic.com/p_c/IS6i1fk194d92b1000000000.jpg,NA,photo-tile-image,photos/IS6i1fk194d92b1000000000.jpg,TRUE
93951457,https://photos.zillowstatic.com/p_c/IS2rpo58iy95fc1000000000.jpg,NA,photo-tile-image,photos/IS2rpo58iy95fc1000000000.jpg,TRUE
93951457,https://photos.zillowstatic.com/p_c/ISybz22v4w4c2b1000000000.jpg,NA,photo-tile-image,photos/ISybz22v4w4c2b1000000000.jpg,TRUE
93951457,https://photos.zillowstatic.com/p_c/ISivbpl0s212zb1000000000.jpg,NA,photo-tile-image,photos/ISivbpl0s212zb1000000000.jpg,TRUE
93951457,https://photos.zillowstatic.com/p_c/ISq5xqjo0owe2b1000000000.jpg,NA,photo-tile-image,photos/ISq5xqjo0owe2b1000000000.jpg,TRUE
93951457,https://photos.zillowstatic.com/p_c/IS2j71lnjmk7zb1000000000.jpg,NA,photo-tile-image,photos/IS2j71lnjmk7zb1000000000.jpg,TRUE
93951457,https://photos.zillowstatic.com/p_c/ISizue1iwfoh2b1000000000.jpg,NA,photo-tile-image,photos/ISizue1iwfoh2b1000000000.jpg,TRUE
93951457,https://photos.zillowstatic.com/p_c/ISm63dkab64dzb1000000000.jpg,NA,photo-tile-image,photos/ISm63dkab64dzb1000000000.jpg,TRUE
93951457,https://photos.zillowstatic.com/p_c/ISats2jbs7gk2b1000000000.jpg,NA,photo-tile-image,photos/ISats2jbs7gk2b1000000000.jpg,TRUE
93951457,https://photos.zillowstatic.com/p_c/IS2nqq05oz7n2b1000000000.jpg,NA,photo-tile-image,photos/IS2nqq05oz7n2b1000000000.jpg,TRUE
93951457,https://photos.zillowstatic.com/p_c/ISugoeiyjrzp2b1000000000.jpg,NA,photo-tile-image,photos/ISugoeiyjrzp2b1000000000.jpg,TRUE
93951457,https://photos.zillowstatic.com/p_c/ISmam20sfjrs2b1000000000.jpg,NA,photo-tile-image,photos/ISmam20sfjrs2b1000000000.jpg,TRUE
93951457,https://photos.zillowstatic.com/p_c/ISe4kqhlbbjv2b1000000000.jpg,NA,photo-tile-image,photos/ISe4kqhlbbjv2b1000000000.jpg,TRUE
93951457,https://photos.zillowstatic.com/p_c/IS6yheze73by2b1000000000.jpg,NA,photo-tile-image,photos/IS6yheze73by2b1000000000.jpg,TRUE
93951457,https://photos.zillowstatic.com/p_c/ISyrf2h83v213b1000000000.jpg,NA,photo-tile-image,photos/ISyrf2h83v213b1000000000.jpg,TRUE
93951457,https://photos.zillowstatic.com/p_c/ISqldqy1zmu33b1000000000.jpg,NA,photo-tile-image,photos/ISqldqy1zmu33b1000000000.jpg,TRUE
93951457,https://photos.zillowstatic.com/p_c/ISifbegvuem63b1000000000.jpg,NA,photo-tile-image,photos/ISifbegvuem63b1000000000.jpg,TRUE
93951457,https://photos.zillowstatic.com/p_c/ISa992yoq6e93b1000000000.jpg,NA,photo-tile-image,photos/ISa992yoq6e93b1000000000.jpg,TRUE
93951457,https://photos.zillowstatic.com/p_h/ISq5tvsbfxe6wa1000000000.jpg,NA,photo-tile-image,photos/ISq5tvsbfxe6wa1000000000.jpg,TRUE
93951333,https://photos.zillowstatic.com/p_h/ISu8u9swy1omv71000000000.jpg,NA,photo-tile-image,photos/ISu8u9swy1omv71000000000.jpg,TRUE
93951333,https://photos.zillowstatic.com/p_c/ISalq309lplsbi0000000000.jpg,NA,photo-tile-image,photos/ISalq309lplsbi0000000000.jpg,TRUE
93951333,https://photos.zillowstatic.com/p_c/IS2zn824wge40j0000000000.jpg,NA,photo-tile-image,photos/IS2zn824wge40j0000000000.jpg,TRUE
93951333,https://photos.zillowstatic.com/p_c/IS2forh2hhdvbi0000000000.jpg,NA,photo-tile-image,photos/IS2forh2hhdvbi0000000000.jpg,TRUE
93951333,https://photos.zillowstatic.com/p_c/ISuslwjxr8670j0000000000.jpg,NA,photo-tile-image,photos/ISuslwjxr8670j0000000000.jpg,TRUE
93951333,https://photos.zillowstatic.com/p_c/ISu8mfzvc95ybi0000000000.jpg,NA,photo-tile-image,photos/ISu8mfzvc95ybi0000000000.jpg,TRUE
93951333,https://photos.zillowstatic.com/p_c/ISmmjk1rn0y90j0000000000.jpg,NA,photo-tile-image,photos/ISmmjk1rn0y90j0000000000.jpg,TRUE
93951333,https://photos.zillowstatic.com/p_c/ISm2k3hp81x0ci0000000000.jpg,NA,photo-tile-image,photos/ISm2k3hp81x0ci0000000000.jpg,TRUE
93951333,https://photos.zillowstatic.com/p_c/ISegh8jkjspc0j0000000000.jpg,NA,photo-tile-image,photos/ISegh8jkjspc0j0000000000.jpg,TRUE
93951333,https://photos.zillowstatic.com/p_c/ISewhryi4to3ci0000000000.jpg,NA,photo-tile-image,photos/ISewhryi4to3ci0000000000.jpg,TRUE
93951333,https://photos.zillowstatic.com/p_c/IS6afw0efkhf0j0000000000.jpg,NA,photo-tile-image,photos/IS6afw0efkhf0j0000000000.jpg,TRUE
93951333,https://photos.zillowstatic.com/p_c/IS6qffgc0lg6ci0000000000.jpg,NA,photo-tile-image,photos/IS6qffgc0lg6ci0000000000.jpg,TRUE
93951333,https://photos.zillowstatic.com/p_c/ISy3dki7bc9i0j0000000000.jpg,NA,photo-tile-image,photos/ISy3dki7bc9i0j0000000000.jpg,TRUE
93951333,https://photos.zillowstatic.com/p_c/ISyjd3y5wc89ci0000000000.jpg,NA,photo-tile-image,photos/ISyjd3y5wc89ci0000000000.jpg,TRUE
93951333,https://photos.zillowstatic.com/p_c/ISindlta6boiej0000000000.jpg,NA,photo-tile-image,photos/ISindlta6boiej0000000000.jpg,TRUE
93951333,https://photos.zillowstatic.com/p_c/ISqdbrfzr40cci0000000000.jpg,NA,photo-tile-image,photos/ISqdbrfzr40cci0000000000.jpg,TRUE
93951333,https://photos.zillowstatic.com/p_c/ISahb9b423glej0000000000.jpg,NA,photo-tile-image,photos/ISahb9b423glej0000000000.jpg,TRUE
93951333,https://photos.zillowstatic.com/p_c/ISi79fxsnwreci0000000000.jpg,NA,photo-tile-image,photos/ISi79fxsnwreci0000000000.jpg,TRUE
93951333,https://photos.zillowstatic.com/p_c/IS2b9xsxxu7oej0000000000.jpg,NA,photo-tile-image,photos/IS2b9xsxxu7oej0000000000.jpg,TRUE
93951333,https://photos.zillowstatic.com/p_c/ISa173fmjojhci0000000000.jpg,NA,photo-tile-image,photos/ISa173fmjojhci0000000000.jpg,TRUE
93951333,https://photos.zillowstatic.com/p_c/ISu47lartmzqej0000000000.jpg,NA,photo-tile-image,photos/ISu47lartmzqej0000000000.jpg,TRUE
93951333,https://photos.zillowstatic.com/p_c/IS2v4rwffgbkci0000000000.jpg,NA,photo-tile-image,photos/IS2v4rwffgbkci0000000000.jpg,TRUE
93951333,https://photos.zillowstatic.com/p_c/ISmy49skpertej0000000000.jpg,NA,photo-tile-image,photos/ISmy49skpertej0000000000.jpg,TRUE
93951333,https://photos.zillowstatic.com/p_c/ISuo2fe9b83nci0000000000.jpg,NA,photo-tile-image,photos/ISuo2fe9b83nci0000000000.jpg,TRUE
93951333,https://photos.zillowstatic.com/p_c/ISmmr29n65dvwk0000000000.jpg,NA,photo-tile-image,photos/ISmmr29n65dvwk0000000000.jpg,TRUE
93951333,https://photos.zillowstatic.com/p_c/ISmi03w270vpci0000000000.jpg,NA,photo-tile-image,photos/ISmi03w270vpci0000000000.jpg,TRUE
93951333,https://photos.zillowstatic.com/p_c/ISes2x9el6jwej0000000000.jpg,NA,photo-tile-image,photos/ISes2x9el6jwej0000000000.jpg,TRUE
93951333,https://photos.zillowstatic.com/p_c/ISecyqdw2smsci0000000000.jpg,NA,photo-tile-image,photos/ISecyqdw2smsci0000000000.jpg,TRUE
93951333,https://photos.zillowstatic.com/p_c/IS6m0lr7hyazej0000000000.jpg,NA,photo-tile-image,photos/IS6m0lr7hyazej0000000000.jpg,TRUE
93951333,https://photos.zillowstatic.com/p_c/IS66wevpyjevci0000000000.jpg,NA,photo-tile-image,photos/IS66wevpyjevci0000000000.jpg,TRUE
93951333,https://photos.zillowstatic.com/p_h/ISu8u9swy1omv71000000000.jpg,NA,photo-tile-image,photos/ISu8u9swy1omv71000000000.jpg,TRUE
93956628,https://photos.zillowstatic.com/p_h/IS2jvzfp4x9e3q1000000000.jpg,NA,photo-tile-image,photos/IS2jvzfp4x9e3q1000000000.jpg,TRUE
93956628,https://photos.zillowstatic.com/p_c/IS621g871mkedq1000000000.jpg,NA,photo-tile-image,photos/IS621g871mkedq1000000000.jpg,TRUE
93956628,https://photos.zillowstatic.com/p_c/IS2b99uywhic1r1000000000.jpg,NA,photo-tile-image,photos/IS2b99uywhic1r1000000000.jpg,TRUE
93956628,https://photos.zillowstatic.com/p_c/ISyj5h7o06zk6r1000000000.jpg,NA,photo-tile-image,photos/ISyj5h7o06zk6r1000000000.jpg,TRUE
93956628,https://photos.zillowstatic.com/p_c/IS62d1h9tt14wq1000000000.jpg,NA,photo-tile-image,photos/IS62d1h9tt14wq1000000000.jpg,TRUE
93956628,https://photos.zillowstatic.com/p_c/ISyvy3q0xdchdq1000000000.jpg,NA,photo-tile-image,photos/ISyvy3q0xdchdq1000000000.jpg,TRUE
93956628,https://photos.zillowstatic.com/p_c/ISu47xbss9af1r1000000000.jpg,NA,photo-tile-image,photos/ISu47xbss9af1r1000000000.jpg,TRUE
93956628,https://photos.zillowstatic.com/p_c/ISqpwr7us54kdq1000000000.jpg,NA,photo-tile-image,photos/ISqpwr7us54kdq1000000000.jpg,TRUE
93956628,https://photos.zillowstatic.com/p_c/ISqd35phwxqn6r1000000000.jpg,NA,photo-tile-image,photos/ISqd35phwxqn6r1000000000.jpg,TRUE
93956628,https://photos.zillowstatic.com/p_c/ISes29bfkttk1r1000000000.jpg,NA,photo-tile-image,photos/ISes29bfkttk1r1000000000.jpg,TRUE
93956628,https://photos.zillowstatic.com/p_c/ISijufpnoxvmdq1000000000.jpg,NA,photo-tile-image,photos/ISijufpnoxvmdq1000000000.jpg,TRUE
93956628,https://photos.zillowstatic.com/p_c/ISads37hkpnpdq1000000000.jpg,NA,photo-tile-image,photos/ISads37hkpnpdq1000000000.jpg,TRUE
93956628,https://photos.zillowstatic.com/p_c/IS6m0xs8glln1r1000000000.jpg,NA,photo-tile-image,photos/IS6m0xs8glln1r1000000000.jpg,TRUE
93956628,https://photos.zillowstatic.com/p_c/IS27qroaghfsdq1000000000.jpg,NA,photo-tile-image,photos/IS27qroaghfsdq1000000000.jpg,TRUE
93956628,https://photos.zillowstatic.com/p_c/ISij61ypg5dcwq1000000000.jpg,NA,photo-tile-image,photos/ISij61ypg5dcwq1000000000.jpg,TRUE
93956628,https://photos.zillowstatic.com/p_c/IS6mobk6od4yiq1000000000.jpg,NA,photo-tile-image,photos/IS6mobk6od4yiq1000000000.jpg,TRUE
93956628,https://photos.zillowstatic.com/p_c/ISyfyka2cddq1r1000000000.jpg,NA,photo-tile-image,photos/ISyfyka2cddq1r1000000000.jpg,TRUE
93956628,https://photos.zillowstatic.com/p_c/ISyfmz10k5w0jq1000000000.jpg,NA,photo-tile-image,photos/ISyfmz10k5w0jq1000000000.jpg,TRUE
93956628,https://photos.zillowstatic.com/p_c/ISq9w8sv755t1r1000000000.jpg,NA,photo-tile-image,photos/ISq9w8sv755t1r1000000000.jpg,TRUE
93956628,https://photos.zillowstatic.com/p_c/ISi71t6bspiq6r1000000000.jpg,NA,photo-tile-image,photos/ISi71t6bspiq6r1000000000.jpg,TRUE
93956628,https://photos.zillowstatic.com/p_c/ISi3uw9p3xwv1r1000000000.jpg,NA,photo-tile-image,photos/ISi3uw9p3xwv1r1000000000.jpg,TRUE
93956628,https://photos.zillowstatic.com/p_c/ISq9knjtfxn3jq1000000000.jpg,NA,photo-tile-image,photos/ISq9knjtfxn3jq1000000000.jpg,TRUE
93956628,https://photos.zillowstatic.com/p_c/ISaxrkrizooy1r1000000000.jpg,NA,photo-tile-image,photos/ISaxrkrizooy1r1000000000.jpg,TRUE
93956628,https://photos.zillowstatic.com/p_c/ISi3ib1nbpf6jq1000000000.jpg,NA,photo-tile-image,photos/ISi3ib1nbpf6jq1000000000.jpg,TRUE
93956628,https://photos.zillowstatic.com/p_c/IS2rp89cvgg12r1000000000.jpg,NA,photo-tile-image,photos/IS2rp89cvgg12r1000000000.jpg,TRUE
93956628,https://photos.zillowstatic.com/p_h/IS2jvzfp4x9e3q1000000000.jpg,NA,photo-tile-image,photos/IS2jvzfp4x9e3q1000000000.jpg,TRUE
213642562,https://photos.zillowstatic.com/p_h/ISq1a6dytvesmk0000000000.jpg,NA,photo-tile-image,photos/ISq1a6dytvesmk0000000000.jpg,TRUE
213642562,https://photos.zillowstatic.com/p_c/IS66wyixfnltql0000000000.jpg,NA,photo-tile-image,photos/IS66wyixfnltql0000000000.jpg,TRUE
213642562,https://photos.zillowstatic.com/p_c/ISyztm0rbfdwql0000000000.jpg,NA,photo-tile-image,photos/ISyztm0rbfdwql0000000000.jpg,TRUE
213642562,https://photos.zillowstatic.com/p_c/ISqtraik775zql0000000000.jpg,NA,photo-tile-image,photos/ISqtraik775zql0000000000.jpg,TRUE
213642562,https://photos.zillowstatic.com/p_c/ISinpyzd3zw1rl0000000000.jpg,NA,photo-tile-image,photos/ISinpyzd3zw1rl0000000000.jpg,TRUE
213642562,https://photos.zillowstatic.com/p_c/ISahnmh7zqo4rl0000000000.jpg,NA,photo-tile-image,photos/ISahnmh7zqo4rl0000000000.jpg,TRUE
213642562,https://photos.zillowstatic.com/p_c/IS2blaz0vig7rl0000000000.jpg,NA,photo-tile-image,photos/IS2blaz0vig7rl0000000000.jpg,TRUE
213642562,https://photos.zillowstatic.com/p_c/IS6uyg98yoqodm0000000000.jpg,NA,photo-tile-image,photos/IS6uyg98yoqodm0000000000.jpg,TRUE
213642562,https://photos.zillowstatic.com/p_c/ISu4jyguqa8arl0000000000.jpg,NA,photo-tile-image,photos/ISu4jyguqa8arl0000000000.jpg,TRUE
213642562,https://photos.zillowstatic.com/p_c/ISmygmynm20drl0000000000.jpg,NA,photo-tile-image,photos/ISmygmynm20drl0000000000.jpg,TRUE
213642562,https://photos.zillowstatic.com/p_c/ISeseaghiurfrl0000000000.jpg,NA,photo-tile-image,photos/ISeseaghiurfrl0000000000.jpg,TRUE
213642562,https://photos.zillowstatic.com/p_c/IS6mcyxaemjirl0000000000.jpg,NA,photo-tile-image,photos/IS6mcyxaemjirl0000000000.jpg,TRUE
213642562,https://photos.zillowstatic.com/p_c/ISyfamf4aeblrl0000000000.jpg,NA,photo-tile-image,photos/ISyfamf4aeblrl0000000000.jpg,TRUE
213642562,https://photos.zillowstatic.com/p_c/ISq98axx563orl0000000000.jpg,NA,photo-tile-image,photos/ISq98axx563orl0000000000.jpg,TRUE
213642562,https://photos.zillowstatic.com/p_c/ISi36yer1yuqrl0000000000.jpg,NA,photo-tile-image,photos/ISi36yer1yuqrl0000000000.jpg,TRUE
213642562,https://photos.zillowstatic.com/p_c/ISax3mwkxpmtrl0000000000.jpg,NA,photo-tile-image,photos/ISax3mwkxpmtrl0000000000.jpg,TRUE
213642562,https://photos.zillowstatic.com/p_c/IS2r1aeethewrl0000000000.jpg,NA,photo-tile-image,photos/IS2r1aeethewrl0000000000.jpg,TRUE
213642562,https://photos.zillowstatic.com/p_c/ISibsgqol02xdm0000000000.jpg,NA,photo-tile-image,photos/ISibsgqol02xdm0000000000.jpg,TRUE
213642562,https://photos.zillowstatic.com/p_c/ISukzxv7p96zrl0000000000.jpg,NA,photo-tile-image,photos/ISukzxv7p96zrl0000000000.jpg,TRUE
213642562,https://photos.zillowstatic.com/p_c/ISmexld1l1y1sl0000000000.jpg,NA,photo-tile-image,photos/ISmexld1l1y1sl0000000000.jpg,TRUE
213642562,https://photos.zillowstatic.com/p_c/ISe8v9vugtp4sl0000000000.jpg,NA,photo-tile-image,photos/ISe8v9vugtp4sl0000000000.jpg,TRUE
213642562,https://photos.zillowstatic.com/p_c/ISuslg759cd5em0000000000.jpg,NA,photo-tile-image,photos/ISuslg759cd5em0000000000.jpg,TRUE
213642562,https://photos.zillowstatic.com/p_h/ISq1a6dytvesmk0000000000.jpg,NA,photo-tile-image,photos/ISq1a6dytvesmk0000000000.jpg,TRUE
93950628,https://photos.zillowstatic.com/p_h/ISifr2i5snavnd1000000000.jpg,NA,photo-tile-image,photos/ISifr2i5snavnd1000000000.jpg,TRUE
93950628,https://photos.zillowstatic.com/p_c/ISy7cqxvy2peod1000000000.jpg,NA,photo-tile-image,photos/ISy7cqxvy2peod1000000000.jpg,TRUE
93950628,https://photos.zillowstatic.com/p_c/ISy3xbtdr5oymb1000000000.jpg,NA,photo-tile-image,photos/ISy3xbtdr5oymb1000000000.jpg,TRUE
93950628,https://photos.zillowstatic.com/p_c/ISeg10uqzl4tmb1000000000.jpg,NA,photo-tile-image,photos/ISeg10uqzl4tmb1000000000.jpg,TRUE
93950628,https://photos.zillowstatic.com/p_c/ISmm3ccx3ucqmb1000000000.jpg,NA,photo-tile-image,photos/ISmm3ccx3ucqmb1000000000.jpg,TRUE
93950628,https://photos.zillowstatic.com/p_c/IS2j3ew5i6spod1000000000.jpg,NA,photo-tile-image,photos/IS2j3ew5i6spod1000000000.jpg,TRUE
93950628,https://photos.zillowstatic.com/p_c/ISap5qecme0nod1000000000.jpg,NA,photo-tile-image,photos/ISap5qecme0nod1000000000.jpg,TRUE
93950628,https://photos.zillowstatic.com/p_c/IS2b9xsp3a17ae1000000000.jpg,NA,photo-tile-image,photos/IS2b9xsp3a17ae1000000000.jpg,TRUE
93950628,https://photos.zillowstatic.com/p_c/IS62hk6dlc27be1000000000.jpg,NA,photo-tile-image,photos/IS62hk6dlc27be1000000000.jpg,TRUE
93950628,https://photos.zillowstatic.com/p_c/ISqd7wc5di8vk01000000000.jpg,NA,photo-tile-image,photos/ISqd7wc5di8vk01000000000.jpg,TRUE
93950628,https://photos.zillowstatic.com/p_c/ISug4jsltepe2y0000000000.jpg,NA,photo-tile-image,photos/ISug4jsltepe2y0000000000.jpg,TRUE
93950628,https://photos.zillowstatic.com/p_c/ISu0w9vx1xq6ey0000000000.jpg,NA,photo-tile-image,photos/ISu0w9vx1xq6ey0000000000.jpg,TRUE
93950628,https://photos.zillowstatic.com/p_c/IS2zrj1mz0rvgy0000000000.jpg,NA,photo-tile-image,photos/IS2zrj1mz0rvgy0000000000.jpg,TRUE
93950628,https://photos.zillowstatic.com/p_c/ISusp7jfvsiygy0000000000.jpg,NA,photo-tile-image,photos/ISusp7jfvsiygy0000000000.jpg,TRUE
93950628,https://photos.zillowstatic.com/p_c/ISalavy528xhhy0000000000.jpg,NA,photo-tile-image,photos/ISalavy528xhhy0000000000.jpg,TRUE
93950628,https://photos.zillowstatic.com/p_c/IS6aj70wi4u6hy0000000000.jpg,NA,photo-tile-image,photos/IS6aj70wi4u6hy0000000000.jpg,TRUE
93950628,https://photos.zillowstatic.com/p_c/IS2nqqgxkm9r121000000000.jpg,NA,photo-tile-image,photos/IS2nqqgxkm9r121000000000.jpg,TRUE
93950628,https://photos.zillowstatic.com/p_c/ISin5npailux031000000000.jpg,NA,photo-tile-image,photos/ISin5npailux031000000000.jpg,TRUE
93950628,https://photos.zillowstatic.com/p_c/IS629esr3vu7m41000000000.jpg,NA,photo-tile-image,photos/IS629esr3vu7m41000000000.jpg,TRUE
93950628,https://photos.zillowstatic.com/p_c/IS2zbvrdyp72cz0000000000.jpg,NA,photo-tile-image,photos/IS2zbvrdyp72cz0000000000.jpg,TRUE
93950628,https://photos.zillowstatic.com/p_h/ISifr2i5snavnd1000000000.jpg,NA,photo-tile-image,photos/ISifr2i5snavnd1000000000.jpg,TRUE
2088309272,https://photos.zillowstatic.com/p_h/ISmq69fhu949cl1000000000.jpg,NA,photo-tile-image,photos/ISmq69fhu949cl1000000000.jpg,TRUE
2088309272,https://photos.zillowstatic.com/p_h/ISmq69fhu949cl1000000000.jpg,NA,photo-tile-image,photos/ISmq69fhu949cl1000000000.jpg,TRUE
245078728,https://photos.zillowstatic.com/p_h/IS6id40czeuo8x1000000000.jpg,NA,photo-tile-image,photos/IS6id40czeuo8x1000000000.jpg,TRUE
245078728,https://photos.zillowstatic.com/p_c/IS2rdbrurc3ip00000000000.jpg,NA,photo-tile-image,photos/IS2rdbrurc3ip00000000000.jpg,TRUE
245078728,https://photos.zillowstatic.com/p_c/IS2jfv9lo6kezx1000000000.jpg,NA,photo-tile-image,photos/IS2jfv9lo6kezx1000000000.jpg,TRUE
245078728,https://photos.zillowstatic.com/p_c/ISme9nqhjwmnp00000000000.jpg,NA,photo-tile-image,photos/ISme9nqhjwmnp00000000000.jpg,TRUE
245078728,https://photos.zillowstatic.com/p_c/ISm6b798gq3kzx1000000000.jpg,NA,photo-tile-image,photos/ISm6b798gq3kzx1000000000.jpg,TRUE
245078728,https://photos.zillowstatic.com/p_c/IS625zp4bg6tp00000000000.jpg,NA,photo-tile-image,photos/IS625zp4bg6tp00000000000.jpg,TRUE
245078728,https://photos.zillowstatic.com/p_c/IS6u6j8v7anpzx1000000000.jpg,NA,photo-tile-image,photos/IS6u6j8v7anpzx1000000000.jpg,TRUE
245078728,https://photos.zillowstatic.com/p_c/ISqp0bpr20qyp00000000000.jpg,NA,photo-tile-image,photos/ISqp0bpr20qyp00000000000.jpg,TRUE
245078728,https://photos.zillowstatic.com/p_c/ISib0jpbvlyxzx1000000000.jpg,NA,photo-tile-image,photos/ISib0jpbvlyxzx1000000000.jpg,TRUE
245078728,https://photos.zillowstatic.com/p_c/ISijyy6lyrh1q00000000000.jpg,NA,photo-tile-image,photos/ISijyy6lyrh1q00000000000.jpg,TRUE
245078728,https://photos.zillowstatic.com/p_c/ISmmr6olep190y1000000000.jpg,NA,photo-tile-image,photos/ISmmr6olep190y1000000000.jpg,TRUE
245078728,https://photos.zillowstatic.com/p_c/ISadwmoeuj94q00000000000.jpg,NA,photo-tile-image,photos/ISadwmoeuj94q00000000000.jpg,TRUE
245078728,https://photos.zillowstatic.com/p_c/ISegpu5fahtb0y1000000000.jpg,NA,photo-tile-image,photos/ISegpu5fahtb0y1000000000.jpg,TRUE
245078728,https://photos.zillowstatic.com/p_c/IS27ua68qb17q00000000000.jpg,NA,photo-tile-image,photos/IS27ua68qb17q00000000000.jpg,TRUE
245078728,https://photos.zillowstatic.com/p_c/ISqxiumvxs4k0y1000000000.jpg,NA,photo-tile-image,photos/ISqxiumvxs4k0y1000000000.jpg,TRUE
245078728,https://photos.zillowstatic.com/p_c/IS2fcu3cl4gs0y1000000000.jpg,NA,photo-tile-image,photos/IS2fcu3cl4gs0y1000000000.jpg,TRUE
245078728,https://photos.zillowstatic.com/p_c/ISu0syn1m3t9q00000000000.jpg,NA,photo-tile-image,photos/ISu0syn1m3t9q00000000000.jpg,TRUE
245078728,https://photos.zillowstatic.com/p_c/ISm2863zcozx0y1000000000.jpg,NA,photo-tile-image,photos/ISm2863zcozx0y1000000000.jpg,TRUE
245078728,https://photos.zillowstatic.com/p_c/ISmupm5vhvkcq00000000000.jpg,NA,photo-tile-image,photos/ISmupm5vhvkcq00000000000.jpg,TRUE
245078728,https://photos.zillowstatic.com/p_c/ISqtftgmuq0y1y1000000000.jpg,NA,photo-tile-image,photos/ISqtftgmuq0y1y1000000000.jpg,TRUE
245078728,https://photos.zillowstatic.com/p_c/ISeonanodncfq00000000000.jpg,NA,photo-tile-image,photos/ISeonanodncfq00000000000.jpg,TRUE
245078728,https://photos.zillowstatic.com/p_c/IS2b9tx2i2c62y1000000000.jpg,NA,photo-tile-image,photos/IS2b9tx2i2c62y1000000000.jpg,TRUE
245078728,https://photos.zillowstatic.com/p_c/IS6ily4i9f4iq00000000000.jpg,NA,photo-tile-image,photos/IS6ily4i9f4iq00000000000.jpg,TRUE
245078728,https://photos.zillowstatic.com/p_c/ISu47hfwdu392y1000000000.jpg,NA,photo-tile-image,photos/ISu47hfwdu392y1000000000.jpg,TRUE
245078728,https://photos.zillowstatic.com/p_c/ISybjmmb57wkq00000000000.jpg,NA,photo-tile-image,photos/ISybjmmb57wkq00000000000.jpg,TRUE
245078728,https://photos.zillowstatic.com/p_c/ISmy45xp9mvb2y1000000000.jpg,NA,photo-tile-image,photos/ISmy45xp9mvb2y1000000000.jpg,TRUE
245078728,https://photos.zillowstatic.com/p_c/ISq5ha451znnq00000000000.jpg,NA,photo-tile-image,photos/ISq5ha451znnq00000000000.jpg,TRUE
245078728,https://photos.zillowstatic.com/p_c/ISes2tej5ene2y1000000000.jpg,NA,photo-tile-image,photos/ISes2tej5ene2y1000000000.jpg,TRUE
245078728,https://photos.zillowstatic.com/p_c/ISizeylywqfqq00000000000.jpg,NA,photo-tile-image,photos/ISizeylywqfqq00000000000.jpg,TRUE
245078728,https://photos.zillowstatic.com/p_h/IS6id40czeuo8x1000000000.jpg,NA,photo-tile-image,photos/IS6id40czeuo8x1000000000.jpg,TRUE
